id_kel,nama_provinsi,nama_kota,nama_kecamatan,nama_kelurahan,suspek,perawatan_rs,isolasi_di_rumah,suspek_meninggal,selesai_isolasi,probable,perawatan_rs,isolasi_di_rumah,probable_meninggal,selesai_isolasi,pelaku_perjalanan,perawatan_rs,isolasi_di_rumah,selesai_isolasi,kontak_erat,isolasi_di_rumah,selesai_isolasi,discarded,meninggal,selesai_isolasi,positif,dirawat,sembuh,meninggal,self_isolation,keterangan
3172051003,DKI JAKARTA,JAKARTA UTARA,PADEMANGAN,ANCOL,305,3,39,0,263,4,3,0,0,1,8,0,0,8,455,36,419,5,0,5,131,8,97,2,24,
3173041007,DKI JAKARTA,JAKARTA BARAT,TAMBORA,ANGKE,291,7,10,2,272,1,0,0,1,0,0,0,0,0,399,7,392,24,0,24,97,7,85,2,3,
3175041005,DKI JAKARTA,JAKARTA TIMUR,KRAMAT JATI,BALE KAMBANG,171,4,19,1,147,1,0,0,0,1,4,0,0,4,345,25,320,23,0,23,71,4,64,1,2,
3175031003,DKI JAKARTA,JAKARTA TIMUR,JATINEGARA,BALI MESTER,63,3,7,1,52,0,0,0,0,0,0,0,0,0,63,10,53,2,0,2,15,2,12,1,0,
3175101006,DKI JAKARTA,JAKARTA TIMUR,CIPAYUNG,BAMBU APUS,188,9,18,1,160,0,0,0,0,0,3,0,0,3,297,54,243,15,0,15,72,2,61,1,8,
3174031002,DKI JAKARTA,JAKARTA SELATAN,MAMPANG PRAPATAN,BANGKA,121,3,8,2,108,4,0,0,1,3,18,0,0,18,466,17,449,8,0,8,75,4,53,2,16,
3175051002,DKI JAKARTA,JAKARTA TIMUR,PASAR REBO,BARU,167,2,29,1,135,0,0,0,0,0,4,0,0,4,256,17,239,11,0,11,62,7,35,0,20,
3175041004,DKI JAKARTA,JAKARTA TIMUR,KRAMAT JATI,BATU AMPAR,278,8,31,1,238,2,1,0,0,1,2,0,0,2,575,69,506,25,0,25,86,5,65,3,13,
3171071002,DKI JAKARTA,JAKARTA PUSAT,TANAH ABANG,BENDUNGAN HILIR,279,8,17,0,254,0,0,0,0,0,3,0,0,3,320,12,308,6,0,6,72,10,55,2,5,
3175031002,DKI JAKARTA,JAKARTA TIMUR,JATINEGARA,BIDARA CINA,200,4,17,3,176,0,0,0,0,0,1,0,0,1,244,23,221,24,0,24,133,7,113,8,5,
3174101002,DKI JAKARTA,JAKARTA SELATAN,PESANGGRAHAN,BINTARO,478,3,39,2,434,4,0,0,0,4,7,0,0,7,989,61,928,20,0,20,120,4,95,6,15,
3174011005,DKI JAKARTA,JAKARTA SELATAN,TEBET,BUKIT DURI,145,3,20,3,119,1,0,0,0,1,13,0,0,13,347,53,294,12,0,12,62,2,50,6,4,
3171041006,DKI JAKARTA,JAKARTA PUSAT,SENEN,BUNGUR,154,6,17,2,129,1,0,0,0,1,13,0,0,13,404,16,388,9,0,9,91,1,85,2,3,
3175061007,DKI JAKARTA,JAKARTA TIMUR,CAKUNG,CAKUNG BARAT,157,6,20,1,130,0,0,0,0,0,0,0,0,0,455,54,401,37,0,37,105,6,77,1,21,
3175061004,DKI JAKARTA,JAKARTA TIMUR,CAKUNG,CAKUNG TIMUR,190,7,30,2,151,2,0,0,1,1,3,0,0,3,461,74,387,27,0,27,94,6,62,1,25,
3175041007,DKI JAKARTA,JAKARTA TIMUR,KRAMAT JATI,CAWANG,172,5,17,0,150,1,0,0,0,1,4,0,0,4,396,61,335,13,0,13,86,14,56,2,14,
3175101008,DKI JAKARTA,JAKARTA TIMUR,CIPAYUNG,CEGER,124,5,14,0,105,0,0,0,0,0,0,0,0,0,139,38,101,8,0,8,22,4,14,0,4,
3171031006,DKI JAKARTA,JAKARTA PUSAT,KEMAYORAN,CEMPAKA BARU,388,15,38,2,333,1,1,0,0,0,7,0,0,7,452,111,341,29,0,29,203,6,178,11,8,
3171051002,DKI JAKARTA,JAKARTA PUSAT,CEMPAKA PUTIH,CEMPAKA PUTIH BARAT,607,6,31,2,568,2,1,0,0,1,9,0,0,9,1371,85,1286,41,0,41,356,15,264,9,68,
3171051001,DKI JAKARTA,JAKARTA PUSAT,CEMPAKA PUTIH,CEMPAKA PUTIH TIMUR,410,10,18,1,381,0,0,0,0,0,9,0,0,9,995,43,952,45,0,45,209,5,162,3,39,
3173011001,DKI JAKARTA,JAKARTA BARAT,CENGKARENG,CENGKARENG BARAT,306,4,55,1,246,0,0,0,0,0,5,0,0,5,766,84,682,9,0,9,118,17,81,4,16,
3173011006,DKI JAKARTA,JAKARTA BARAT,CENGKARENG,CENGKARENG TIMUR,445,6,78,7,354,1,0,0,0,1,3,0,0,3,968,127,841,14,0,14,238,25,178,8,27,
3175091002,DKI JAKARTA,JAKARTA TIMUR,CIRACAS,CIBUBUR,433,13,71,4,345,1,0,0,0,1,28,0,0,28,1415,108,1307,81,0,81,117,10,84,4,19,
3171011002,DKI JAKARTA,JAKARTA PUSAT,GAMBIR,CIDENG,188,2,15,2,169,0,0,0,0,0,8,0,0,8,381,68,313,11,0,11,104,5,77,5,17,
3174091003,DKI JAKARTA,JAKARTA SELATAN,JAGAKARSA,CIGANJUR,453,10,14,1,428,2,0,0,0,2,9,0,0,9,335,35,300,9,0,9,75,0,64,4,7,
3175051003,DKI JAKARTA,JAKARTA TIMUR,PASAR REBO,CIJANTUNG,376,9,37,3,327,0,0,0,0,0,1,0,0,1,358,45,313,4,0,4,116,11,87,4,14,
3171061003,DKI JAKARTA,JAKARTA PUSAT,MENTENG,CIKINI,93,4,13,0,76,0,0,0,0,0,0,0,0,0,146,13,133,11,0,11,28,0,20,2,6,
3174081006,DKI JAKARTA,JAKARTA SELATAN,PANCORAN,CIKOKO,136,1,17,0,118,1,0,0,0,1,10,0,0,10,206,10,196,0,0,0,34,2,29,1,2,
3174061001,DKI JAKARTA,JAKARTA SELATAN,CILANDAK,CILANDAK BARAT,454,13,67,5,369,1,0,0,0,1,94,0,2,92,696,101,595,36,0,36,126,3,86,4,33,
3174041003,DKI JAKARTA,JAKARTA SELATAN,PASAR MINGGU,CILANDAK TIMUR,202,29,26,1,146,3,2,0,0,1,17,0,0,17,266,25,241,86,0,86,132,4,114,5,9,
3175101002,DKI JAKARTA,JAKARTA TIMUR,CIPAYUNG,CILANGKAP,197,10,11,1,175,0,0,0,0,0,1,0,0,1,274,50,224,18,0,18,72,4,53,0,15,
3175041006,DKI JAKARTA,JAKARTA TIMUR,KRAMAT JATI,CILILITAN,179,5,22,1,151,0,0,0,0,0,4,0,0,4,497,54,443,41,0,41,109,5,84,2,18,
3172041001,DKI JAKARTA,JAKARTA UTARA,CILINCING,CILINCING,312,11,24,1,276,0,0,0,0,0,5,0,0,5,951,63,888,66,0,66,231,15,185,3,28,
3175101001,DKI JAKARTA,JAKARTA TIMUR,CIPAYUNG,CIPAYUNG,245,5,18,2,220,1,0,0,1,0,4,0,0,4,269,42,227,10,0,10,91,3,82,1,5,
3174091006,DKI JAKARTA,JAKARTA SELATAN,JAGAKARSA,CIPEDAK,376,16,14,0,346,2,0,0,0,2,0,0,0,0,253,38,215,5,0,5,70,2,40,1,27,
3174061005,DKI JAKARTA,JAKARTA SELATAN,CILANDAK,CIPETE SELATAN,157,9,11,1,136,2,1,0,0,1,44,0,0,44,253,29,224,6,0,6,33,2,26,4,1,
3174071010,DKI JAKARTA,JAKARTA SELATAN,KEBAYORAN BARU,CIPETE UTARA,332,10,55,3,264,0,0,0,0,0,9,0,0,9,319,14,305,5,0,5,56,6,41,3,6,
3175021003,DKI JAKARTA,JAKARTA TIMUR,PULO GADUNG,CIPINANG,161,10,17,2,132,0,0,0,0,0,3,0,0,3,577,65,512,29,0,29,160,12,120,6,22,
3175031007,DKI JAKARTA,JAKARTA TIMUR,JATINEGARA,CIPINANG BESAR SELATAN,137,6,11,2,118,1,0,0,0,1,1,0,0,1,244,51,193,10,0,10,55,3,45,1,6,
3175031008,DKI JAKARTA,JAKARTA TIMUR,JATINEGARA,CIPINANG BESAR UTARA,162,5,26,0,131,1,0,0,0,1,3,0,0,3,357,26,331,16,0,16,86,8,74,3,1,
3175031005,DKI JAKARTA,JAKARTA TIMUR,JATINEGARA,CIPINANG CEMPEDAK,149,3,16,2,128,0,0,0,0,0,2,0,0,2,206,40,166,10,0,10,48,2,37,1,8,
3175081005,DKI JAKARTA,JAKARTA TIMUR,MAKASAR,CIPINANG MELAYU,196,3,51,2,140,1,0,0,0,1,3,0,1,2,442,93,349,15,0,15,111,9,75,5,22,
3175031006,DKI JAKARTA,JAKARTA TIMUR,JATINEGARA,CIPINANG MUARA,211,5,21,1,184,4,0,0,0,4,4,0,0,4,458,86,372,22,0,22,118,12,87,2,17,
3174051003,DKI JAKARTA,JAKARTA SELATAN,KEBAYORAN LAMA,CIPULIR,182,7,15,4,156,4,0,0,0,4,6,0,0,6,412,14,398,5,0,5,112,1,91,4,16,
3175091001,DKI JAKARTA,JAKARTA TIMUR,CIRACAS,CIRACAS,419,10,47,9,353,3,2,0,0,1,22,0,0,22,1120,97,1023,43,0,43,164,19,100,5,40,
3175041003,DKI JAKARTA,JAKARTA TIMUR,KRAMAT JATI,DUKUH,135,4,7,1,123,0,0,0,0,0,1,0,0,1,349,43,306,13,0,13,60,6,43,1,10,
3175071001,DKI JAKARTA,JAKARTA TIMUR,DUREN SAWIT,DUREN SAWIT,593,20,43,3,527,14,3,0,0,11,2,0,0,2,607,91,516,18,0,18,295,19,205,8,63,
3174081004,DKI JAKARTA,JAKARTA SELATAN,PANCORAN,DUREN TIGA,248,4,23,0,221,2,0,0,0,2,3,0,0,3,382,27,355,2,0,2,51,9,33,0,9,
3173051005,DKI JAKARTA,JAKARTA BARAT,KEBON JERUK,DURI KEPA,257,5,28,2,222,3,0,0,0,3,12,0,0,12,774,70,704,65,0,65,180,11,150,7,12,
3173011002,DKI JAKARTA,JAKARTA BARAT,CENGKARENG,DURI KOSAMBI,299,6,37,3,253,0,0,0,0,0,4,0,0,4,581,62,519,10,0,10,123,9,86,3,25,
3171011006,DKI JAKARTA,JAKARTA PUSAT,GAMBIR,DURI PULO,109,5,5,3,96,0,0,0,0,0,0,0,0,0,248,41,207,7,0,7,82,6,54,2,20,
3173041011,DKI JAKARTA,JAKARTA BARAT,TAMBORA,DURI SELATAN,93,5,4,1,83,0,0,0,0,0,2,0,0,2,102,2,100,4,0,4,46,3,37,3,3,
3173041003,DKI JAKARTA,JAKARTA BARAT,TAMBORA,DURI UTARA,122,3,8,2,109,0,0,0,0,0,1,0,0,1,156,13,143,2,0,2,66,10,42,3,11,
3171081003,DKI JAKARTA,JAKARTA PUSAT,JOHAR BARU,GALUR,125,4,7,0,114,1,0,0,0,1,2,0,0,2,290,14,276,43,0,43,115,4,94,9,8,
3171011001,DKI JAKARTA,JAKARTA PUSAT,GAMBIR,GAMBIR,58,2,6,0,50,1,1,0,0,0,17,0,0,17,222,22,200,6,0,6,85,3,60,0,22,
3174061004,DKI JAKARTA,JAKARTA SELATAN,CILANDAK,GANDARIA SELATAN,126,6,8,0,112,2,0,0,0,2,20,0,0,20,441,57,384,2,0,2,69,2,53,3,11,
3174071009,DKI JAKARTA,JAKARTA SELATAN,KEBAYORAN BARU,GANDARIA UTARA,269,10,33,2,224,0,0,0,0,0,3,0,0,3,422,29,393,3,0,3,78,6,67,2,3,
3175051001,DKI JAKARTA,JAKARTA TIMUR,PASAR REBO,GEDONG,472,15,31,0,426,0,0,0,0,0,3,0,0,3,220,23,197,22,0,22,100,4,90,0,6,
3171071001,DKI JAKARTA,JAKARTA PUSAT,TANAH ABANG,GELORA,41,2,0,1,38,0,0,0,0,0,5,0,0,5,74,4,70,0,0,0,57,1,45,2,9,
3173031007,DKI JAKARTA,JAKARTA BARAT,TAMAN SARI,GLODOK,68,3,16,0,49,0,0,0,0,0,0,0,0,0,108,18,90,0,0,0,11,2,7,1,1,
3171061004,DKI JAKARTA,JAKARTA PUSAT,MENTENG,GONDANGDIA,40,0,4,1,35,0,0,0,0,0,4,0,0,4,89,11,78,7,0,7,39,0,27,3,9,
3173021001,DKI JAKARTA,JAKARTA BARAT,GROGOL PETAMBURAN,GROGOL,236,9,42,4,181,1,0,0,0,1,39,0,0,39,513,33,480,32,0,32,90,12,73,0,5,
3174051005,DKI JAKARTA,JAKARTA SELATAN,KEBAYORAN LAMA,GROGOL SELATAN,202,7,16,5,174,0,0,0,0,0,12,0,0,12,444,18,426,4,0,4,94,6,78,5,5,
3174051004,DKI JAKARTA,JAKARTA SELATAN,KEBAYORAN LAMA,GROGOL UTARA,233,4,41,4,184,0,0,0,0,0,24,0,0,24,449,20,429,15,0,15,140,8,116,4,12,
3174021007,DKI JAKARTA,JAKARTA SELATAN,SETIA BUDI,GUNTUR,41,1,1,0,39,0,0,0,0,0,1,0,0,1,118,8,110,1,0,1,18,3,14,0,1,
3174071002,DKI JAKARTA,JAKARTA SELATAN,KEBAYORAN BARU,GUNUNG,133,2,70,3,58,0,0,0,0,0,7,0,0,7,259,41,218,0,0,0,28,1,20,2,5,
3171031005,DKI JAKARTA,JAKARTA PUSAT,KEMAYORAN,GUNUNG SAHARI SELATAN,190,2,17,1,170,0,0,0,0,0,2,0,0,2,264,31,233,1,0,1,72,6,50,3,13,
3171021004,DKI JAKARTA,JAKARTA PUSAT,SAWAH BESAR,GUNUNG SAHARI UTARA,176,3,9,1,163,0,0,0,0,0,5,0,0,5,360,53,307,8,0,8,75,2,37,6,30,
3175081004,DKI JAKARTA,JAKARTA TIMUR,MAKASAR,HALIM PERDANA KUSUMAH,127,9,10,2,106,0,0,0,0,0,4,0,0,4,304,23,281,9,0,9,149,18,115,3,13,
3171031003,DKI JAKARTA,JAKARTA PUSAT,KEMAYORAN,HARAPAN MULIA,231,6,17,3,205,0,0,0,0,0,6,0,0,6,313,47,266,27,0,27,138,3,122,7,6,
3174091001,DKI JAKARTA,JAKARTA SELATAN,JAGAKARSA,JAGAKARSA,592,14,41,2,535,5,0,0,0,5,7,0,0,7,555,65,490,17,0,17,158,4,142,3,9,
3175021007,DKI JAKARTA,JAKARTA TIMUR,PULO GADUNG,JATI,207,6,57,1,143,0,0,0,0,0,6,0,0,6,625,67,558,23,0,23,142,17,98,0,27,
3174041002,DKI JAKARTA,JAKARTA SELATAN,PASAR MINGGU,JATI PADANG,229,9,22,2,196,0,0,0,0,0,3,0,0,3,401,25,376,65,0,65,66,8,49,3,6,
3173071004,DKI JAKARTA,JAKARTA BARAT,PALMERAH,JATI PULO,301,5,27,4,265,0,0,0,0,0,3,0,0,3,529,62,467,61,0,61,152,7,134,2,9,
3175061001,DKI JAKARTA,JAKARTA TIMUR,CAKUNG,JATINEGARA,278,10,36,3,229,0,0,0,0,0,2,0,0,2,774,145,629,35,0,35,160,5,117,6,32,
3175021004,DKI JAKARTA,JAKARTA TIMUR,PULO GADUNG,JATINEGARA KAUM,52,3,4,0,45,1,0,0,1,0,3,0,0,3,203,45,158,6,0,6,25,3,14,1,7,
3173021004,DKI JAKARTA,JAKARTA BARAT,GROGOL PETAMBURAN,JELAMBAR,217,3,16,5,193,2,0,0,0,2,24,0,0,24,531,43,488,8,0,8,107,10,81,5,11,
3173021006,DKI JAKARTA,JAKARTA BARAT,GROGOL PETAMBURAN,JELAMBAR BARU,262,2,17,2,241,2,0,0,0,2,4,0,0,4,435,15,420,17,0,17,52,4,41,3,4,
3173041006,DKI JAKARTA,JAKARTA BARAT,TAMBORA,JEMBATAN BESI,431,10,14,1,406,0,0,0,0,0,4,0,0,4,405,12,393,7,0,7,150,6,126,6,12,
3173041008,DKI JAKARTA,JAKARTA BARAT,TAMBORA,JEMBATAN LIMA,123,3,3,0,117,0,0,0,0,0,0,0,0,0,158,12,146,1,0,1,42,2,29,3,8,
3173081005,DKI JAKARTA,JAKARTA BARAT,KEMBANGAN,JOGLO,190,4,29,4,153,0,0,0,0,0,4,0,0,4,352,43,309,12,0,12,76,10,56,1,9,
3171081001,DKI JAKARTA,JAKARTA PUSAT,JOHAR BARU,JOHAR BARU,391,8,28,3,352,1,0,0,0,1,3,0,0,3,1124,114,1010,94,0,94,281,3,235,11,32,
3173041002,DKI JAKARTA,JAKARTA BARAT,TAMBORA,KALI ANYAR,253,4,22,0,227,1,0,0,0,1,3,0,0,3,288,14,274,9,0,9,115,7,78,4,26,
3172041004,DKI JAKARTA,JAKARTA UTARA,CILINCING,KALI BARU,272,23,27,5,217,0,0,0,0,0,4,0,0,4,529,33,496,33,0,33,206,6,158,6,36,
3174081002,DKI JAKARTA,JAKARTA SELATAN,PANCORAN,KALIBATA,334,10,26,3,295,5,0,0,0,5,10,0,2,8,519,62,457,12,0,12,151,7,116,1,27,
3173061001,DKI JAKARTA,JAKARTA BARAT,KALI DERES,KALIDERES,673,13,72,4,584,1,1,0,0,0,5,0,0,5,1576,110,1466,29,0,29,167,21,116,4,26,
3175051004,DKI JAKARTA,JAKARTA TIMUR,PASAR REBO,KALISARI,544,4,35,0,505,0,0,0,0,0,2,0,0,2,273,26,247,7,0,7,94,5,73,3,13,
3173061004,DKI JAKARTA,JAKARTA BARAT,KALI DERES,KAMAL,240,1,35,3,201,0,0,0,0,0,1,0,0,1,386,20,366,4,0,4,34,2,14,2,16,
3172011002,DKI JAKARTA,JAKARTA UTARA,PENJARINGAN,KAMAL MUARA,52,1,1,0,50,0,0,0,0,0,4,0,0,4,94,18,76,0,0,0,44,9,20,1,14,
3171071007,DKI JAKARTA,JAKARTA PUSAT,TANAH ABANG,KAMPUNG BALI,112,5,9,2,96,1,0,0,0,1,2,0,0,2,132,8,124,2,0,2,34,6,26,2,0,
3175031001,DKI JAKARTA,JAKARTA TIMUR,JATINEGARA,KAMPUNG MELAYU,128,10,14,5,99,2,1,0,0,1,4,0,0,4,153,22,131,4,0,4,110,2,91,3,14,
3171081002,DKI JAKARTA,JAKARTA PUSAT,JOHAR BARU,KAMPUNG RAWA,206,2,11,0,193,1,0,0,0,1,0,0,0,0,474,33,441,63,0,63,174,3,126,13,32,
3175041002,DKI JAKARTA,JAKARTA TIMUR,KRAMAT JATI,KAMPUNG TENGAH,362,10,36,1,315,1,0,0,0,1,8,0,0,8,800,71,729,48,0,48,172,10,147,9,6,
3173011005,DKI JAKARTA,JAKARTA BARAT,CENGKARENG,KAPUK,405,13,48,16,328,1,1,0,0,0,10,0,3,7,923,157,766,12,0,12,190,23,102,8,57,
3172011003,DKI JAKARTA,JAKARTA UTARA,PENJARINGAN,KAPUK MUARA,127,6,7,0,114,0,0,0,0,0,9,0,0,9,309,75,234,17,0,17,79,9,61,4,5,
3171021002,DKI JAKARTA,JAKARTA PUSAT,SAWAH BESAR,KARANG ANYAR,329,6,10,5,308,1,0,0,0,1,4,0,0,4,647,48,599,8,0,8,109,12,87,5,5,
3174021004,DKI JAKARTA,JAKARTA SELATAN,SETIA BUDI,KARET,90,4,5,0,81,0,0,0,0,0,10,0,0,10,278,24,254,4,0,4,43,2,39,0,2,
3174021003,DKI JAKARTA,JAKARTA SELATAN,SETIA BUDI,KARET KUNINGAN,138,3,21,1,113,0,0,0,0,0,21,0,0,21,251,31,220,4,0,4,43,1,32,2,8,
3174021002,DKI JAKARTA,JAKARTA SELATAN,SETIA BUDI,KARET SEMANGGI,41,0,0,1,40,0,0,0,0,0,3,0,0,3,67,20,47,0,0,0,12,2,8,2,0,
3171071003,DKI JAKARTA,JAKARTA PUSAT,TANAH ABANG,KARET TENGSIN,178,2,5,0,171,0,0,0,0,0,7,0,0,7,203,19,184,0,0,0,49,4,42,1,2,
3171021003,DKI JAKARTA,JAKARTA PUSAT,SAWAH BESAR,KARTINI,225,1,11,1,212,1,0,0,0,1,0,0,0,0,468,46,422,15,0,15,122,2,99,3,18,
3175011003,DKI JAKARTA,JAKARTA TIMUR,MATRAMAN,KAYU MANIS,205,7,21,0,177,1,0,0,0,1,0,0,0,0,476,44,432,23,0,23,79,4,71,4,0,
3175021006,DKI JAKARTA,JAKARTA TIMUR,PULO GADUNG,KAYU PUTIH,285,5,26,4,250,1,0,0,1,0,11,0,0,11,773,48,725,27,0,27,153,6,127,5,15,
3173031006,DKI JAKARTA,JAKARTA BARAT,TAMAN SARI,KEAGUNGAN,210,3,52,0,155,0,0,0,0,0,2,0,0,2,336,43,293,9,0,9,74,4,56,1,13,
3174041007,DKI JAKARTA,JAKARTA SELATAN,PASAR MINGGU,KEBAGUSAN,323,5,102,1,215,1,0,0,0,1,1,0,0,1,441,34,407,38,0,38,78,9,58,0,11,
3174051006,DKI JAKARTA,JAKARTA SELATAN,KEBAYORAN LAMA,KEBAYORAN LAMA SELATAN,328,14,19,0,295,4,0,0,0,4,1,0,0,1,628,13,615,12,0,12,110,8,86,4,12,
3174051001,DKI JAKARTA,JAKARTA SELATAN,KEBAYORAN LAMA,KEBAYORAN LAMA UTARA,220,3,35,1,181,1,0,0,0,1,15,0,0,15,367,15,352,3,0,3,74,0,54,3,17,
3174011004,DKI JAKARTA,JAKARTA SELATAN,TEBET,KEBON BARU,174,2,37,2,133,0,0,0,0,0,15,0,0,15,432,52,380,17,0,17,77,6,47,0,24,
3172021005,DKI JAKARTA,JAKARTA UTARA,TANJUNG PRIOK,KEBON BAWANG,435,7,52,1,375,0,0,0,0,0,13,0,0,13,769,71,698,53,0,53,236,5,215,2,14,
3173051001,DKI JAKARTA,JAKARTA BARAT,KEBON JERUK,KEBON JERUK,361,15,40,6,300,2,1,0,0,1,13,0,0,13,1150,94,1056,53,0,53,222,14,155,12,41,
3171071006,DKI JAKARTA,JAKARTA PUSAT,TANAH ABANG,KEBON KACANG,364,4,12,1,347,1,1,0,0,0,0,0,0,0,334,16,318,3,0,3,209,2,188,9,10,
3171011005,DKI JAKARTA,JAKARTA PUSAT,GAMBIR,KEBON KELAPA,92,4,5,1,82,1,1,0,0,0,1,0,0,1,155,21,134,0,0,0,39,0,23,1,15,
3171031002,DKI JAKARTA,JAKARTA PUSAT,KEMAYORAN,KEBON KOSONG,248,3,23,5,217,0,0,0,0,0,7,0,0,7,290,23,267,29,0,29,126,1,113,6,6,
3175011005,DKI JAKARTA,JAKARTA TIMUR,MATRAMAN,KEBON MANGGIS,112,5,10,4,93,0,0,0,0,0,1,0,0,1,146,20,126,18,0,18,94,7,75,2,10,
3171071005,DKI JAKARTA,JAKARTA PUSAT,TANAH ABANG,KEBON MELATI,369,8,15,3,343,0,0,0,0,0,5,0,0,5,362,28,334,7,0,7,260,5,140,7,108,
3175081003,DKI JAKARTA,JAKARTA TIMUR,MAKASAR,KEBON PALA,154,10,12,1,131,0,0,0,0,0,4,0,0,4,606,110,496,13,0,13,124,6,90,1,27,
3171061005,DKI JAKARTA,JAKARTA PUSAT,MENTENG,KEBON SIRIH,108,2,17,2,87,0,0,0,0,0,2,0,0,2,242,14,228,13,0,13,89,6,48,2,33,
3173011004,DKI JAKARTA,JAKARTA BARAT,CENGKARENG,KEDAUNG KALI ANGKE,243,0,53,0,190,0,0,0,0,0,1,0,0,1,278,49,229,5,0,5,115,3,90,2,20,
3173051007,DKI JAKARTA,JAKARTA BARAT,KEBON JERUK,KEDOYA SELATAN,178,11,22,5,140,2,0,0,0,2,5,0,1,4,363,27,336,17,0,17,74,9,51,3,11,
3173051006,DKI JAKARTA,JAKARTA BARAT,KEBON JERUK,KEDOYA UTARA,159,6,22,2,129,1,0,0,0,1,15,0,0,15,501,79,422,18,0,18,94,7,62,1,24,
3173051004,DKI JAKARTA,JAKARTA BARAT,KEBON JERUK,KELAPA DUA,117,8,23,0,86,0,0,0,0,0,5,0,0,5,303,47,256,18,0,18,51,3,45,2,1,
3175091003,DKI JAKARTA,JAKARTA TIMUR,CIRACAS,KELAPA DUA WETAN,308,6,30,1,271,0,0,0,0,0,7,0,0,7,763,54,709,33,0,33,98,5,66,2,25,
3172061003,DKI JAKARTA,JAKARTA UTARA,KELAPA GADING,KELAPA GADING BARAT,555,16,74,2,463,2,1,0,0,1,44,0,0,44,963,106,857,53,0,53,227,18,166,5,38,
3172061001,DKI JAKARTA,JAKARTA UTARA,KELAPA GADING,KELAPA GADING TIMUR,472,8,37,2,425,0,0,0,0,0,18,0,0,18,935,89,846,36,0,36,116,10,93,8,5,
3173071005,DKI JAKARTA,JAKARTA BARAT,PALMERAH,KEMANGGISAN,339,4,50,6,279,0,0,0,0,0,8,0,1,7,580,74,506,48,0,48,137,12,101,5,19,
3171031001,DKI JAKARTA,JAKARTA PUSAT,KEMAYORAN,KEMAYORAN,262,4,25,3,230,0,0,0,0,0,0,0,0,0,377,28,349,20,0,20,158,8,131,5,14,
3173081006,DKI JAKARTA,JAKARTA BARAT,KEMBANGAN,KEMBANGAN SELATAN,138,4,34,1,99,0,0,0,0,0,5,0,0,5,357,24,333,52,0,52,86,12,64,2,8,
3173081001,DKI JAKARTA,JAKARTA BARAT,KEMBANGAN,KEMBANGAN UTARA,283,7,68,3,205,2,1,0,1,0,3,0,1,2,1033,69,964,10,0,10,111,9,81,4,17,
3171041002,DKI JAKARTA,JAKARTA PUSAT,SENEN,KENARI,144,4,9,1,130,1,0,0,0,1,1,0,1,0,348,35,313,44,0,44,138,1,133,2,2,
3173041005,DKI JAKARTA,JAKARTA BARAT,TAMBORA,KERENDANG,178,4,12,2,160,1,0,0,0,1,0,0,0,0,150,14,136,3,0,3,81,7,61,6,7,
3175071003,DKI JAKARTA,JAKARTA TIMUR,DUREN SAWIT,KLENDER,425,9,31,2,383,2,0,0,0,2,3,0,0,3,570,68,502,17,0,17,170,12,138,9,11,
3172031001,DKI JAKARTA,JAKARTA UTARA,KOJA,KOJA,217,3,20,0,194,0,0,0,0,0,4,0,0,4,336,22,314,30,0,30,143,5,117,4,17,
3173071006,DKI JAKARTA,JAKARTA BARAT,PALMERAH,KOTA BAMBU SELATAN,307,10,15,5,277,0,0,0,0,0,1,0,0,1,684,41,643,71,0,71,172,7,157,5,3,
3173071003,DKI JAKARTA,JAKARTA BARAT,PALMERAH,KOTA BAMBU UTARA,268,6,18,11,233,0,0,0,0,0,3,0,1,2,419,24,395,53,0,53,159,5,141,6,7,
3171041004,DKI JAKARTA,JAKARTA PUSAT,SENEN,KRAMAT,295,3,31,5,256,0,0,0,0,0,4,0,0,4,722,56,666,30,0,30,198,3,179,9,7,
3175041001,DKI JAKARTA,JAKARTA TIMUR,KRAMAT JATI,KRAMAT JATI,208,5,20,1,182,0,0,0,0,0,9,0,0,9,475,74,401,21,0,21,104,7,75,6,16,
3174071003,DKI JAKARTA,JAKARTA SELATAN,KEBAYORAN BARU,KRAMAT PELA,82,3,11,0,68,0,0,0,0,0,0,0,0,0,411,20,391,5,0,5,98,2,73,0,23,
3173031002,DKI JAKARTA,JAKARTA BARAT,TAMAN SARI,KRUKUT,140,8,35,6,91,0,0,0,0,0,3,0,0,3,257,27,230,9,0,9,55,6,43,3,3,
3174031005,DKI JAKARTA,JAKARTA SELATAN,MAMPANG PRAPATAN,KUNINGAN BARAT,78,1,11,1,65,0,0,0,0,0,0,0,0,0,300,9,291,5,0,5,14,0,11,0,3,
3174021008,DKI JAKARTA,JAKARTA SELATAN,SETIA BUDI,KUNINGAN TIMUR,81,1,4,1,75,1,0,0,0,1,20,0,0,20,102,19,83,1,0,1,41,3,28,2,8,
3171041005,DKI JAKARTA,JAKARTA PUSAT,SENEN,KWITANG,184,4,8,0,172,1,0,0,0,1,2,0,0,2,348,23,325,7,0,7,75,4,61,4,6,
3172031003,DKI JAKARTA,JAKARTA UTARA,KOJA,LAGOA,400,8,20,1,371,0,0,0,0,0,4,0,0,4,452,49,403,46,0,46,359,10,310,7,32,
3174061002,DKI JAKARTA,JAKARTA SELATAN,CILANDAK,LEBAK BULUS,212,7,20,2,183,3,0,0,0,3,27,0,0,27,398,26,372,21,0,21,92,3,60,7,22,
3174091004,DKI JAKARTA,JAKARTA SELATAN,JAGAKARSA,LENTENG AGUNG,422,11,16,0,395,2,1,0,0,1,6,0,0,6,336,52,284,11,0,11,83,2,61,0,20,
LUAR DKI JAKARTA,LUAR DKI JAKARTA,LUAR DKI JAKARTA,LUAR DKI JAKARTA,LUAR DKI JAKARTA,16218,462,1484,98,14174,49,6,0,0,43,488,0,49,439,22366,3614,18752,1093,0,1093,5663,560,4675,104,324,
3175101007,DKI JAKARTA,JAKARTA TIMUR,CIPAYUNG,LUBANG BUAYA,379,9,78,3,289,1,1,0,0,0,4,0,0,4,457,50,407,27,0,27,132,11,92,1,28,
3175081001,DKI JAKARTA,JAKARTA TIMUR,MAKASAR,MAKASAR,149,6,15,1,127,0,0,0,0,0,7,0,0,7,637,92,545,21,0,21,79,14,50,0,15,
3175071006,DKI JAKARTA,JAKARTA TIMUR,DUREN SAWIT,MALAKA JAYA,238,3,15,2,218,1,0,0,0,1,2,0,0,2,354,49,305,10,0,10,86,5,68,0,13,
3175071005,DKI JAKARTA,JAKARTA TIMUR,DUREN SAWIT,MALAKA SARI,203,7,10,1,185,0,0,0,0,0,0,0,0,0,263,33,230,8,0,8,73,2,59,3,9,
3174031001,DKI JAKARTA,JAKARTA SELATAN,MAMPANG PRAPATAN,MAMPANG PRAPATAN,191,8,13,2,168,0,0,0,0,0,0,0,0,0,727,76,651,9,0,9,130,5,100,5,20,
3173031005,DKI JAKARTA,JAKARTA BARAT,TAMAN SARI,MANGGA BESAR,81,2,10,1,68,0,0,0,0,0,0,0,0,0,125,13,112,3,0,3,21,5,14,1,1,
3171021005,DKI JAKARTA,JAKARTA PUSAT,SAWAH BESAR,MANGGA DUA SELATAN,208,5,13,1,189,1,0,0,0,1,1,0,0,1,603,70,533,9,0,9,105,7,72,2,24,
3174011007,DKI JAKARTA,JAKARTA SELATAN,TEBET,MANGGARAI,215,6,46,0,163,3,1,0,0,2,4,0,0,4,354,36,318,19,0,19,83,10,51,1,21,
3174011006,DKI JAKARTA,JAKARTA SELATAN,TEBET,MANGGARAI SELATAN,125,5,16,2,102,0,0,0,0,0,6,0,0,6,351,16,335,18,0,18,57,4,43,2,8,
3173031003,DKI JAKARTA,JAKARTA BARAT,TAMAN SARI,MAPHAR,147,1,24,1,121,0,0,0,0,0,6,0,0,6,265,27,238,36,0,36,138,9,122,0,7,
3172041003,DKI JAKARTA,JAKARTA UTARA,CILINCING,MARUNDA,179,6,12,0,161,2,2,0,0,0,0,0,0,0,284,28,256,12,0,12,63,1,55,1,6,
3174071001,DKI JAKARTA,JAKARTA SELATAN,KEBAYORAN BARU,MELAWAI,40,1,7,0,32,0,0,0,0,0,1,0,0,1,47,2,45,0,0,0,7,0,6,0,1,
3171061001,DKI JAKARTA,JAKARTA PUSAT,MENTENG,MENTENG,230,8,28,2,192,1,0,0,0,1,1,0,0,1,538,45,493,24,0,24,137,11,107,6,13,
3174021005,DKI JAKARTA,JAKARTA SELATAN,SETIA BUDI,MENTENG ATAS,227,5,22,3,197,1,0,0,0,1,45,0,0,45,924,61,863,33,0,33,119,10,94,2,13,
3174011003,DKI JAKARTA,JAKARTA SELATAN,TEBET,MENTENG DALAM,305,2,76,4,223,2,1,0,0,1,13,0,0,13,510,76,434,38,0,38,103,18,72,6,7,
3173081003,DKI JAKARTA,JAKARTA BARAT,KEMBANGAN,MERUYA SELATAN,179,1,47,1,130,0,0,0,0,0,2,0,0,2,383,62,321,14,0,14,81,10,46,3,22,
3173081002,DKI JAKARTA,JAKARTA BARAT,KEMBANGAN,MERUYA UTARA,235,4,45,6,180,0,0,0,0,0,7,0,1,6,558,72,486,10,0,10,98,11,68,1,18,
3175101004,DKI JAKARTA,JAKARTA TIMUR,CIPAYUNG,MUNJUL,150,7,16,0,127,0,0,0,0,0,2,0,0,2,191,37,154,23,0,23,40,1,38,0,1,
3172051002,DKI JAKARTA,JAKARTA UTARA,PADEMANGAN,PADEMANGAN BARAT,1344,10,116,5,1213,4,0,0,0,4,10,0,0,10,2063,88,1975,26,0,26,495,20,425,18,32,
3172051001,DKI JAKARTA,JAKARTA UTARA,PADEMANGAN,PADEMANGAN TIMUR,406,8,56,3,339,1,0,0,0,1,13,0,0,13,644,35,609,13,0,13,129,5,89,3,32,
3175011004,DKI JAKARTA,JAKARTA TIMUR,MATRAMAN,PAL MERIAM,163,3,9,2,149,1,0,0,0,1,2,0,0,2,436,46,390,58,0,58,118,1,91,6,20,
3173071001,DKI JAKARTA,JAKARTA BARAT,PALMERAH,PALMERAH,681,12,61,2,606,0,0,0,0,0,2,0,1,1,1211,124,1087,67,0,67,249,21,192,13,23,
3174081001,DKI JAKARTA,JAKARTA SELATAN,PANCORAN,PANCORAN,244,9,25,0,210,1,0,0,0,1,8,0,0,8,432,43,389,6,0,6,140,7,118,3,12,
3172021003,DKI JAKARTA,JAKARTA UTARA,TANJUNG PRIOK,PAPANGGO,239,3,25,0,211,1,0,0,0,1,5,0,0,5,598,56,542,48,0,48,150,4,120,2,24,
3171021001,DKI JAKARTA,JAKARTA PUSAT,SAWAH BESAR,PASAR BARU,155,3,4,2,146,1,0,0,0,1,4,0,0,4,342,43,299,6,0,6,73,1,61,0,11,
3174021006,DKI JAKARTA,JAKARTA SELATAN,SETIA BUDI,PASAR MANGGIS,158,6,14,3,135,2,1,0,0,1,26,0,0,26,656,69,587,15,0,15,102,1,77,5,19,
3174041001,DKI JAKARTA,JAKARTA SELATAN,PASAR MINGGU,PASAR MINGGU,246,10,31,1,204,2,0,0,0,2,5,0,0,5,379,31,348,20,0,20,105,2,93,2,8,
3171041003,DKI JAKARTA,JAKARTA PUSAT,SENEN,PASEBAN,315,6,22,1,286,0,0,0,0,0,4,0,0,4,584,75,509,59,0,59,156,5,132,7,12,
3173061005,DKI JAKARTA,JAKARTA BARAT,KALI DERES,PEGADUNGAN,487,8,29,7,443,0,0,0,0,0,10,0,0,10,980,61,919,16,0,16,118,7,97,3,11,
3171061002,DKI JAKARTA,JAKARTA PUSAT,MENTENG,PEGANGSAAN,259,6,26,2,225,1,0,0,0,1,0,0,0,0,688,80,608,48,0,48,234,4,193,2,35,
3172061002,DKI JAKARTA,JAKARTA UTARA,KELAPA GADING,PEGANGSAAN DUA,564,12,61,1,490,0,0,0,0,0,41,0,0,41,1262,131,1131,87,0,87,206,15,158,6,27,
3172011004,DKI JAKARTA,JAKARTA UTARA,PENJARINGAN,PEJAGALAN,267,13,28,2,224,1,0,0,0,1,7,0,0,7,598,93,505,26,0,26,105,14,82,3,6,
3174041006,DKI JAKARTA,JAKARTA SELATAN,PASAR MINGGU,PEJATEN BARAT,240,3,31,2,204,7,0,0,0,7,1,0,0,1,470,22,448,73,0,73,88,4,65,2,17,
3174041005,DKI JAKARTA,JAKARTA SELATAN,PASAR MINGGU,PEJATEN TIMUR,285,4,32,1,248,3,0,0,0,3,2,0,0,2,417,24,393,39,0,39,90,3,77,6,4,
3175051005,DKI JAKARTA,JAKARTA TIMUR,PASAR REBO,PEKAYON,475,7,28,1,439,0,0,0,0,0,3,0,0,3,194,31,163,9,0,9,64,4,43,2,15,
3173041009,DKI JAKARTA,JAKARTA BARAT,TAMBORA,PEKOJAN,201,5,10,2,184,0,0,0,0,0,2,0,0,2,180,13,167,16,0,16,66,4,44,2,16,
3174031003,DKI JAKARTA,JAKARTA SELATAN,MAMPANG PRAPATAN,PELA MAMPANG,230,10,13,2,205,4,0,0,0,4,14,0,1,13,868,126,742,5,0,5,123,7,83,4,29,
3174081005,DKI JAKARTA,JAKARTA SELATAN,PANCORAN,PENGADEGAN,138,4,5,2,127,0,0,0,0,0,8,0,0,8,289,20,269,9,0,9,49,2,46,0,1,
3175061003,DKI JAKARTA,JAKARTA TIMUR,CAKUNG,PENGGILINGAN,364,4,55,1,304,1,0,0,0,1,6,0,1,5,983,163,820,70,0,70,228,12,181,6,29,
3172011001,DKI JAKARTA,JAKARTA UTARA,PENJARINGAN,PENJARINGAN,563,25,29,4,505,1,0,0,0,1,22,0,0,22,2346,136,2210,116,0,116,325,15,285,11,14,
3174101001,DKI JAKARTA,JAKARTA SELATAN,PESANGGRAHAN,PESANGGRAHAN,277,10,29,4,234,1,0,0,0,1,0,0,0,0,500,31,469,18,0,18,56,1,47,3,5,
3171071004,DKI JAKARTA,JAKARTA PUSAT,TANAH ABANG,PETAMBURAN,461,8,37,7,409,0,0,0,0,0,7,0,0,7,329,35,294,5,0,5,262,6,197,11,48,
3174071008,DKI JAKARTA,JAKARTA SELATAN,KEBAYORAN BARU,PETOGOGAN,94,4,4,0,86,0,0,0,0,0,2,0,0,2,191,5,186,0,0,0,25,3,21,0,1,
3171011004,DKI JAKARTA,JAKARTA PUSAT,GAMBIR,PETOJO SELATAN,150,6,10,1,133,0,0,0,0,0,22,0,0,22,463,53,410,14,0,14,116,19,81,8,8,
3171011003,DKI JAKARTA,JAKARTA PUSAT,GAMBIR,PETOJO UTARA,122,5,12,3,102,1,0,0,0,1,11,0,0,11,264,30,234,25,0,25,73,2,59,2,10,
3174101004,DKI JAKARTA,JAKARTA SELATAN,PESANGGRAHAN,PETUKANGAN SELATAN,241,8,20,2,211,0,0,0,0,0,1,0,0,1,528,41,487,7,0,7,34,2,24,1,7,
3174101003,DKI JAKARTA,JAKARTA SELATAN,PESANGGRAHAN,PETUKANGAN UTARA,323,10,26,4,283,1,0,0,0,1,5,0,0,5,1183,67,1116,9,0,9,94,8,61,2,23,
3175081002,DKI JAKARTA,JAKARTA TIMUR,MAKASAR,PINANG RANTI,115,6,4,1,104,0,0,0,0,0,0,0,0,0,463,54,409,22,0,22,78,7,52,2,17,
3173031008,DKI JAKARTA,JAKARTA BARAT,TAMAN SARI,PINANGSIA,83,7,16,1,59,0,0,0,0,0,2,0,0,2,160,9,151,2,0,2,52,6,32,0,14,
3175011001,DKI JAKARTA,JAKARTA TIMUR,MATRAMAN,PISANGAN BARU,202,2,10,3,187,1,0,0,0,1,1,0,0,1,231,34,197,28,0,28,103,5,71,4,23,
3175021002,DKI JAKARTA,JAKARTA TIMUR,PULO GADUNG,PISANGAN TIMUR,210,6,22,4,178,0,0,0,0,0,10,0,0,10,452,43,409,24,0,24,85,12,68,3,2,
3172011005,DKI JAKARTA,JAKARTA UTARA,PENJARINGAN,PLUIT,181,5,16,4,156,0,0,0,0,0,12,0,0,12,784,143,641,10,0,10,119,4,96,8,11,
3175071002,DKI JAKARTA,JAKARTA TIMUR,DUREN SAWIT,PONDOK BAMBU,688,12,33,1,642,2,0,0,0,2,3,0,0,3,543,89,454,16,0,16,184,16,140,4,24,
3175071004,DKI JAKARTA,JAKARTA TIMUR,DUREN SAWIT,PONDOK KELAPA,453,16,32,0,405,0,0,0,0,0,10,0,1,9,697,99,598,13,0,13,165,11,127,5,22,
3175071007,DKI JAKARTA,JAKARTA TIMUR,DUREN SAWIT,PONDOK KOPI,271,2,20,1,248,0,0,0,0,0,1,0,0,1,262,33,229,9,0,9,126,3,72,7,44,
3174061003,DKI JAKARTA,JAKARTA SELATAN,CILANDAK,PONDOK LABU,241,6,22,1,212,4,0,0,0,4,73,0,0,73,645,59,586,36,0,36,61,1,59,1,0,
3174051002,DKI JAKARTA,JAKARTA SELATAN,KEBAYORAN LAMA,PONDOK PINANG,343,4,22,4,313,0,0,0,0,0,44,0,0,44,568,38,530,9,0,9,118,8,92,9,9,
3175101003,DKI JAKARTA,JAKARTA TIMUR,CIPAYUNG,PONDOK RANGGON,155,2,19,3,131,0,0,0,0,0,3,0,0,3,165,21,144,21,0,21,50,3,44,1,2,
PROSES UPDATE DATA,PROSES UPDATE DATA,PROSES UPDATE DATA,PROSES UPDATE DATA,PROSES UPDATE DATA,11111,43,71,1690,9307,1727,0,0,1725,2,105,0,0,105,6385,677,5708,73,1,72,15342,2326,10270,330,2416,
3101011003,DKI JAKARTA,KAB.ADM.KEP.SERIBU,KEP. SERIBU UTARA,PULAU HARAPAN,59,0,0,0,59,0,0,0,0,0,0,0,0,0,57,1,56,0,0,0,1,0,1,0,0,
3101011002,DKI JAKARTA,KAB.ADM.KEP.SERIBU,KEP. SERIBU UTARA,PULAU KELAPA,45,0,0,1,44,0,0,0,0,0,3,0,0,3,141,2,139,1,0,1,5,0,5,0,0,
3101011001,DKI JAKARTA,KAB.ADM.KEP.SERIBU,KEP. SERIBU UTARA,PULAU PANGGANG,53,0,2,1,50,0,0,0,0,0,0,0,0,0,140,11,129,4,0,4,8,0,7,0,1,
3101021003,DKI JAKARTA,KAB.ADM.KEP.SERIBU,KEP. SERIBU SELATAN,PULAU PARI,6,0,0,0,6,0,0,0,0,0,0,0,0,0,160,2,158,1,0,1,3,0,3,0,0,
3101021002,DKI JAKARTA,KAB.ADM.KEP.SERIBU,KEP. SERIBU SELATAN,PULAU TIDUNG,33,0,0,0,33,0,0,0,0,0,0,0,0,0,331,2,329,1,0,1,30,1,28,0,1,
3101021001,DKI JAKARTA,KAB.ADM.KEP.SERIBU,KEP. SERIBU SELATAN,PULAU UNTUNG JAWA,22,0,0,0,22,0,0,0,0,0,0,0,0,0,97,2,95,0,0,0,2,0,2,0,0,
3174071007,DKI JAKARTA,JAKARTA SELATAN,KEBAYORAN BARU,PULO,126,4,37,1,84,0,0,0,0,0,1,0,0,1,114,7,107,0,0,0,15,0,11,0,4,
3175021001,DKI JAKARTA,JAKARTA TIMUR,PULO GADUNG,PULO GADUNG,240,6,20,2,212,0,0,0,0,0,9,0,0,9,578,77,501,20,0,20,106,7,72,4,23,
3175061005,DKI JAKARTA,JAKARTA TIMUR,CAKUNG,PULO GEBANG,273,10,46,2,215,1,0,0,0,1,5,0,0,5,855,134,721,51,0,51,142,4,117,4,17,
3174041004,DKI JAKARTA,JAKARTA SELATAN,PASAR MINGGU,RAGUNAN,287,4,36,2,245,1,0,0,0,1,1,0,0,1,446,26,420,24,0,24,54,11,32,3,8,
3175091005,DKI JAKARTA,JAKARTA TIMUR,CIRACAS,RAMBUTAN,261,2,23,1,235,2,0,0,0,2,12,0,1,11,555,35,520,27,0,27,57,1,53,0,3,
3172031006,DKI JAKARTA,JAKARTA UTARA,KOJA,RAWA BADAK SELATAN,344,11,20,2,311,2,1,0,0,1,2,0,0,2,378,22,356,40,0,40,214,1,142,4,67,
3172031004,DKI JAKARTA,JAKARTA UTARA,KOJA,RAWA BADAK UTARA,284,4,18,1,261,0,0,0,0,0,2,0,0,2,332,26,306,49,0,49,168,1,131,4,32,
3174071005,DKI JAKARTA,JAKARTA SELATAN,KEBAYORAN BARU,RAWA BARAT,57,0,2,2,53,0,0,0,0,0,1,0,0,1,116,10,106,0,0,0,11,0,10,1,0,
3173011003,DKI JAKARTA,JAKARTA BARAT,CENGKARENG,RAWA BUAYA,176,8,23,2,143,0,0,0,0,0,4,0,0,4,425,71,354,4,0,4,136,7,83,4,42,
3175031004,DKI JAKARTA,JAKARTA TIMUR,JATINEGARA,RAWA BUNGA,90,3,21,1,65,0,0,0,0,0,0,0,0,0,112,16,96,5,0,5,65,3,40,1,21,
3174081003,DKI JAKARTA,JAKARTA SELATAN,PANCORAN,RAWA JATI,192,2,16,0,174,2,0,0,0,2,10,0,0,10,341,50,291,6,0,6,34,5,27,0,2,
3175061002,DKI JAKARTA,JAKARTA TIMUR,CAKUNG,RAWA TERATE,51,4,5,0,42,0,0,0,0,0,2,0,0,2,217,32,185,2,0,2,50,4,29,0,17,
3175021005,DKI JAKARTA,JAKARTA TIMUR,PULO GADUNG,RAWAMANGUN,211,10,22,0,179,0,0,0,0,0,6,0,0,6,551,75,476,23,0,23,108,5,86,2,15,
3171051003,DKI JAKARTA,JAKARTA PUSAT,CEMPAKA PUTIH,RAWASARI,474,8,27,2,437,3,0,0,1,2,6,0,1,5,913,74,839,29,0,29,196,7,149,4,36,
3173041010,DKI JAKARTA,JAKARTA BARAT,TAMBORA,ROA MALAKA,26,1,0,0,25,1,0,0,0,1,0,0,0,0,31,2,29,1,0,1,10,0,4,0,6,
3172041006,DKI JAKARTA,JAKARTA UTARA,CILINCING,ROROTAN,211,16,33,2,160,0,0,0,0,0,2,0,0,2,470,39,431,61,0,61,76,3,59,2,12,
3174071004,DKI JAKARTA,JAKARTA SELATAN,KEBAYORAN BARU,SELONG,22,1,0,0,21,0,0,0,0,0,3,0,1,2,75,4,71,0,0,0,15,3,11,1,0,
3173061002,DKI JAKARTA,JAKARTA BARAT,KALI DERES,SEMANAN,276,5,28,3,240,0,0,0,0,0,2,0,0,2,651,39,612,6,0,6,61,6,49,1,5,
3172041007,DKI JAKARTA,JAKARTA UTARA,CILINCING,SEMPER BARAT,428,16,38,1,373,1,1,0,0,0,10,0,0,10,914,85,829,79,0,79,269,8,229,3,29,
3172041005,DKI JAKARTA,JAKARTA UTARA,CILINCING,SEMPER TIMUR,255,6,14,1,234,1,1,0,0,0,3,0,0,3,544,53,491,34,0,34,140,1,107,2,30,
3174071006,DKI JAKARTA,JAKARTA SELATAN,KEBAYORAN BARU,SENAYAN,34,1,3,0,30,0,0,0,0,0,9,0,0,9,174,28,146,0,0,0,42,2,34,0,6,
3171041001,DKI JAKARTA,JAKARTA PUSAT,SENEN,SENEN,138,1,8,0,129,0,0,0,0,0,6,0,0,6,577,21,556,24,0,24,95,2,86,2,5,
3171031004,DKI JAKARTA,JAKARTA PUSAT,KEMAYORAN,SERDANG,300,9,32,2,257,0,0,0,0,0,5,0,0,5,385,41,344,27,0,27,91,9,72,3,7,
3174021001,DKI JAKARTA,JAKARTA SELATAN,SETIA BUDI,SETIA BUDI,47,1,3,0,43,0,0,0,0,0,4,0,0,4,192,23,169,6,0,6,15,0,14,0,1,
3175101005,DKI JAKARTA,JAKARTA TIMUR,CIPAYUNG,SETU,166,2,12,0,152,0,0,0,0,0,2,0,0,2,170,19,151,13,0,13,39,7,29,0,3,
3173071002,DKI JAKARTA,JAKARTA BARAT,PALMERAH,SLIPI,352,17,38,2,295,0,0,0,0,0,2,0,0,2,561,97,464,39,0,39,127,7,107,2,11,
3173081004,DKI JAKARTA,JAKARTA BARAT,KEMBANGAN,SRENGSENG,236,5,31,3,197,1,0,0,0,1,5,0,0,5,695,65,630,19,0,19,131,16,108,4,3,
3174091002,DKI JAKARTA,JAKARTA SELATAN,JAGAKARSA,SRENGSENG SAWAH,454,12,24,0,418,7,1,0,0,6,9,0,0,9,456,78,378,23,0,23,92,4,71,6,11,
3173051003,DKI JAKARTA,JAKARTA BARAT,KEBON JERUK,SUKABUMI SELATAN,173,9,22,4,138,0,0,0,0,0,1,0,0,1,376,54,322,23,0,23,82,3,67,3,9,
3173051002,DKI JAKARTA,JAKARTA BARAT,KEBON JERUK,SUKABUMI UTARA,149,2,15,3,129,0,0,0,0,0,19,0,0,19,391,47,344,42,0,42,79,9,63,4,3,
3172041002,DKI JAKARTA,JAKARTA UTARA,CILINCING,SUKAPURA,372,28,34,2,308,0,0,0,0,0,5,0,0,5,719,41,678,69,0,69,190,8,138,3,41,
3171031007,DKI JAKARTA,JAKARTA PUSAT,KEMAYORAN,SUMUR BATU,235,12,26,1,196,0,0,0,0,0,4,0,0,4,295,75,220,19,0,19,84,3,60,2,19,
3172021004,DKI JAKARTA,JAKARTA UTARA,TANJUNG PRIOK,SUNGAI BAMBU,190,4,20,0,166,0,0,0,0,0,6,0,0,6,412,57,355,31,0,31,84,5,53,4,22,
3172021006,DKI JAKARTA,JAKARTA UTARA,TANJUNG PRIOK,SUNTER AGUNG,625,12,81,1,531,2,0,0,0,2,18,0,0,18,1428,130,1298,60,0,60,333,13,264,14,42,
3172021002,DKI JAKARTA,JAKARTA UTARA,TANJUNG PRIOK,SUNTER JAYA,527,10,45,6,466,0,0,0,0,0,8,0,0,8,1069,131,938,148,0,148,288,7,233,15,33,
3175091004,DKI JAKARTA,JAKARTA TIMUR,CIRACAS,SUSUKAN,193,4,35,1,153,0,0,0,0,0,16,0,0,16,885,80,805,69,0,69,55,3,48,1,3,
3173031001,DKI JAKARTA,JAKARTA BARAT,TAMAN SARI,TAMAN SARI,152,4,14,0,134,1,0,0,0,1,0,0,0,0,238,16,222,11,0,11,72,4,59,2,7,
3173041001,DKI JAKARTA,JAKARTA BARAT,TAMBORA,TAMBORA,126,7,7,3,109,0,0,0,0,0,0,0,0,0,237,13,224,2,0,2,39,6,28,2,3,
3173041004,DKI JAKARTA,JAKARTA BARAT,TAMBORA,TANAH SEREAL,212,6,15,2,189,1,0,0,0,1,4,0,0,4,200,11,189,3,0,3,104,12,79,5,8,
3171081004,DKI JAKARTA,JAKARTA PUSAT,JOHAR BARU,TANAH TINGGI,288,4,17,3,264,1,0,0,0,1,2,0,0,2,624,30,594,31,0,31,221,5,182,15,19,
3173031004,DKI JAKARTA,JAKARTA BARAT,TAMAN SARI,TANGKI,162,3,28,1,130,1,0,0,0,1,3,0,0,3,217,16,201,2,0,2,44,9,29,1,5,
3174091005,DKI JAKARTA,JAKARTA SELATAN,JAGAKARSA,TANJUNG BARAT,371,3,14,1,353,1,0,0,0,1,2,0,1,1,297,58,239,11,0,11,96,3,64,3,26,
3173021005,DKI JAKARTA,JAKARTA BARAT,GROGOL PETAMBURAN,TANJUNG DUREN SELATAN,242,5,44,1,192,0,0,0,0,0,19,0,0,19,394,44,350,19,0,19,131,11,103,5,12,
3173021002,DKI JAKARTA,JAKARTA BARAT,GROGOL PETAMBURAN,TANJUNG DUREN UTARA,164,5,11,0,148,1,0,0,0,1,20,0,0,20,339,23,316,17,0,17,54,3,48,3,0,
3172021001,DKI JAKARTA,JAKARTA UTARA,TANJUNG PRIOK,TANJUNG PRIOK,281,10,35,6,230,0,0,0,0,0,10,0,1,9,515,53,462,46,0,46,186,6,163,6,11,
3174011002,DKI JAKARTA,JAKARTA SELATAN,TEBET,TEBET BARAT,215,15,25,0,175,1,0,0,0,1,8,0,0,8,435,31,404,20,0,20,192,16,153,3,20,
3174011001,DKI JAKARTA,JAKARTA SELATAN,TEBET,TEBET TIMUR,152,10,19,2,121,0,0,0,0,0,5,0,0,5,346,26,320,27,0,27,54,4,43,3,4,
3173061003,DKI JAKARTA,JAKARTA BARAT,KALI DERES,TEGAL ALUR,452,5,67,6,374,0,0,0,0,0,3,0,0,3,733,109,624,8,0,8,92,7,69,3,13,
3174031004,DKI JAKARTA,JAKARTA SELATAN,MAMPANG PRAPATAN,TEGAL PARANG,200,4,17,3,176,5,0,0,1,4,3,0,0,3,633,100,533,8,0,8,129,3,98,3,25,
3173021003,DKI JAKARTA,JAKARTA BARAT,GROGOL PETAMBURAN,TOMANG,278,3,21,2,252,0,0,0,0,0,14,0,0,14,477,31,446,72,0,72,162,10,137,2,13,
3172031005,DKI JAKARTA,JAKARTA UTARA,KOJA,TUGU SELATAN,273,6,13,1,253,0,0,0,0,0,1,0,0,1,305,32,273,62,0,62,109,8,91,4,6,
3172031002,DKI JAKARTA,JAKARTA UTARA,KOJA,TUGU UTARA,586,13,38,0,535,3,1,0,0,2,6,0,0,6,556,50,506,69,0,69,174,12,135,6,21,
3175061006,DKI JAKARTA,JAKARTA TIMUR,CAKUNG,UJUNG MENTENG,89,3,19,2,65,1,0,0,0,1,0,0,0,0,259,40,219,14,0,14,59,1,38,2,18,
3174101005,DKI JAKARTA,JAKARTA SELATAN,PESANGGRAHAN,ULUJAMI,399,9,24,2,364,0,0,0,0,0,0,0,0,0,868,29,839,25,0,25,114,6,89,3,16,
3175011006,DKI JAKARTA,JAKARTA TIMUR,MATRAMAN,UTAN KAYU SELATAN,321,6,22,8,285,2,1,0,0,1,2,0,0,2,538,52,486,79,0,79,135,7,109,5,14,
3175011002,DKI JAKARTA,JAKARTA TIMUR,MATRAMAN,UTAN KAYU UTARA,246,10,12,0,224,2,1,0,0,1,2,0,0,2,410,41,369,38,0,38,81,7,66,3,5,
3171031008,DKI JAKARTA,JAKARTA PUSAT,KEMAYORAN,UTAN PANJANG,251,6,22,2,221,0,0,0,0,0,2,0,0,2,260,41,219,18,0,18,90,4,69,6,11,
3172021007,DKI JAKARTA,JAKARTA UTARA,TANJUNG PRIOK,WARAKAS,247,4,36,2,205,0,0,0,0,0,9,0,0,9,577,71,506,44,0,44,130,7,113,3,7,
3173021007,DKI JAKARTA,JAKARTA BARAT,GROGOL PETAMBURAN,WIJAYA KUSUMA,251,2,20,2,227,0,0,0,0,0,6,0,0,6,578,33,545,19,0,19,116,11,87,4,14,
