id_kel,nama_provinsi,nama_kota,nama_kecamatan,nama_kelurahan,suspek,perawatan_rs,isolasi_di_rumah,suspek_meninggal,selesai_isolasi,probable,perawatan_rs,isolasi_di_rumah,probable_meninggal,selesai_isolasi,pelaku_perjalanan,perawatan_rs,isolasi_di_rumah,selesai_isolasi,kontak_erat,isolasi_di_rumah,selesai_isolasi,discarded,meninggal,selesai_isolasi,positif,dirawat,sembuh,meninggal,self_isolation,keterangan
3172051003,DKI JAKARTA,JAKARTA UTARA,PADEMANGAN,ANCOL,356,0,29,0,327,4,0,0,0,4,9,0,1,8,501,37,464,7,0,7,169,6,145,2,16,
3173041007,DKI JAKARTA,JAKARTA BARAT,TAMBORA,ANGKE,326,4,19,2,301,1,0,0,1,0,0,0,0,0,414,11,403,25,0,25,112,6,97,2,7,
3175041005,DKI JAKARTA,JAKARTA TIMUR,KRAMAT JATI,BALE KAMBANG,197,7,17,1,172,1,0,0,0,1,5,0,0,5,391,38,353,23,0,23,94,6,78,1,9,
3175031003,DKI JAKARTA,JAKARTA TIMUR,JATINEGARA,BALI MESTER,81,1,7,1,72,0,0,0,0,0,0,0,0,0,83,17,66,4,0,4,23,1,16,1,5,
3175101006,DKI JAKARTA,JAKARTA TIMUR,CIPAYUNG,BAMBU APUS,236,9,23,1,203,0,0,0,0,0,3,0,0,3,381,65,316,17,0,17,86,8,71,1,6,
3174031002,DKI JAKARTA,JAKARTA SELATAN,MAMPANG PRAPATAN,BANGKA,165,1,14,2,148,4,0,0,1,3,18,0,0,18,516,37,479,8,0,8,105,7,77,2,19,
3175051002,DKI JAKARTA,JAKARTA TIMUR,PASAR REBO,BARU,212,3,11,1,197,0,0,0,0,0,4,0,0,4,304,31,273,15,0,15,78,2,64,0,12,
3175041004,DKI JAKARTA,JAKARTA TIMUR,KRAMAT JATI,BATU AMPAR,319,4,24,1,290,2,0,0,0,2,2,0,0,2,675,71,604,25,0,25,122,9,87,3,23,
3171071002,DKI JAKARTA,JAKARTA PUSAT,TANAH ABANG,BENDUNGAN HILIR,315,5,14,0,296,0,0,0,0,0,3,0,0,3,385,28,357,8,0,8,128,22,71,2,33,
3175031002,DKI JAKARTA,JAKARTA TIMUR,JATINEGARA,BIDARA CINA,234,4,18,3,209,0,0,0,0,0,1,0,0,1,284,35,249,29,0,29,180,2,129,9,40,
3174101002,DKI JAKARTA,JAKARTA SELATAN,PESANGGRAHAN,BINTARO,530,1,32,2,495,4,0,0,0,4,9,0,1,8,1106,84,1022,22,0,22,164,6,116,6,36,
3174011005,DKI JAKARTA,JAKARTA SELATAN,TEBET,BUKIT DURI,253,4,74,3,172,1,0,0,0,1,13,0,0,13,417,40,377,12,0,12,97,7,58,7,25,
3171041006,DKI JAKARTA,JAKARTA PUSAT,SENEN,BUNGUR,176,5,7,2,162,1,0,0,0,1,13,0,0,13,437,21,416,10,0,10,126,7,95,2,22,
3175061007,DKI JAKARTA,JAKARTA TIMUR,CAKUNG,CAKUNG BARAT,195,6,22,1,166,0,0,0,0,0,0,0,0,0,511,39,472,39,0,39,138,4,104,3,27,
3175061004,DKI JAKARTA,JAKARTA TIMUR,CAKUNG,CAKUNG TIMUR,256,14,29,2,211,2,0,0,1,1,5,0,2,3,556,70,486,32,0,32,144,10,106,1,27,
3175041007,DKI JAKARTA,JAKARTA TIMUR,KRAMAT JATI,CAWANG,211,4,29,0,178,1,0,0,0,1,4,0,0,4,477,40,437,14,0,14,127,10,93,3,21,
3175101008,DKI JAKARTA,JAKARTA TIMUR,CIPAYUNG,CEGER,142,3,13,0,126,0,0,0,0,0,0,0,0,0,202,51,151,8,0,8,50,11,28,0,11,
3171031006,DKI JAKARTA,JAKARTA PUSAT,KEMAYORAN,CEMPAKA BARU,440,7,28,2,403,1,0,0,0,1,7,0,0,7,569,79,490,31,0,31,233,7,200,12,14,
3171051002,DKI JAKARTA,JAKARTA PUSAT,CEMPAKA PUTIH,CEMPAKA PUTIH BARAT,679,9,15,2,653,2,0,0,0,2,11,0,2,9,1498,101,1397,46,0,46,487,11,379,10,87,
3171051001,DKI JAKARTA,JAKARTA PUSAT,CEMPAKA PUTIH,CEMPAKA PUTIH TIMUR,466,9,17,1,439,0,0,0,0,0,9,0,0,9,1075,61,1014,53,0,53,269,7,205,3,54,
3173011001,DKI JAKARTA,JAKARTA BARAT,CENGKARENG,CENGKARENG BARAT,388,2,33,1,352,0,0,0,0,0,5,0,0,5,946,144,802,11,0,11,207,19,139,4,45,
3173011006,DKI JAKARTA,JAKARTA BARAT,CENGKARENG,CENGKARENG TIMUR,550,5,47,7,491,1,0,0,0,1,4,0,1,3,1223,178,1045,14,0,14,358,15,247,12,84,
3175091002,DKI JAKARTA,JAKARTA TIMUR,CIRACAS,CIBUBUR,548,13,38,4,493,1,0,0,0,1,30,0,0,30,1543,83,1460,82,0,82,178,7,138,4,29,
3171011002,DKI JAKARTA,JAKARTA PUSAT,GAMBIR,CIDENG,212,0,11,2,199,0,0,0,0,0,8,0,0,8,427,35,392,13,0,13,142,9,100,5,28,
3174091003,DKI JAKARTA,JAKARTA SELATAN,JAGAKARSA,CIGANJUR,498,7,18,1,472,2,0,0,0,2,11,0,1,10,405,54,351,10,0,10,103,5,74,4,20,
3175051003,DKI JAKARTA,JAKARTA TIMUR,PASAR REBO,CIJANTUNG,458,6,36,3,413,0,0,0,0,0,1,0,0,1,401,24,377,8,0,8,146,5,114,6,21,
3171061003,DKI JAKARTA,JAKARTA PUSAT,MENTENG,CIKINI,102,2,4,0,96,0,0,0,0,0,0,0,0,0,162,12,150,11,0,11,29,2,24,2,1,
3174081006,DKI JAKARTA,JAKARTA SELATAN,PANCORAN,CIKOKO,145,0,3,0,142,1,0,0,0,1,10,0,0,10,227,13,214,0,0,0,47,6,33,1,7,
3174061001,DKI JAKARTA,JAKARTA SELATAN,CILANDAK,CILANDAK BARAT,599,6,88,5,500,1,0,0,0,1,95,0,1,94,962,139,823,36,0,36,183,6,136,7,34,
3174041003,DKI JAKARTA,JAKARTA SELATAN,PASAR MINGGU,CILANDAK TIMUR,305,14,58,1,232,4,1,0,0,3,17,0,0,17,308,25,283,86,0,86,175,5,143,7,20,
3175101002,DKI JAKARTA,JAKARTA TIMUR,CIPAYUNG,CILANGKAP,224,5,11,1,207,1,1,0,0,0,2,0,0,2,381,82,299,18,0,18,97,10,69,0,18,
3175041006,DKI JAKARTA,JAKARTA TIMUR,KRAMAT JATI,CILILITAN,215,4,26,1,184,0,0,0,0,0,5,0,0,5,577,66,511,42,0,42,142,8,112,3,19,
3172041001,DKI JAKARTA,JAKARTA UTARA,CILINCING,CILINCING,392,11,43,1,337,0,0,0,0,0,6,0,0,6,1007,32,975,72,0,72,274,5,248,5,16,
3175101001,DKI JAKARTA,JAKARTA TIMUR,CIPAYUNG,CIPAYUNG,325,8,32,2,283,3,1,0,1,1,5,0,1,4,385,82,303,21,0,21,125,7,101,2,15,
3174091006,DKI JAKARTA,JAKARTA SELATAN,JAGAKARSA,CIPEDAK,418,3,22,0,393,2,0,0,0,2,0,0,0,0,321,49,272,6,0,6,92,5,64,1,22,
3174061005,DKI JAKARTA,JAKARTA SELATAN,CILANDAK,CIPETE SELATAN,185,3,18,1,163,2,0,0,0,2,44,0,0,44,291,27,264,6,0,6,50,2,31,6,11,
3174071010,DKI JAKARTA,JAKARTA SELATAN,KEBAYORAN BARU,CIPETE UTARA,381,1,30,3,347,0,0,0,0,0,9,0,0,9,353,15,338,5,0,5,86,4,61,3,18,
3175021003,DKI JAKARTA,JAKARTA TIMUR,PULO GADUNG,CIPINANG,213,2,32,2,177,0,0,0,0,0,3,0,0,3,668,69,599,34,0,34,206,17,156,6,27,
3175031007,DKI JAKARTA,JAKARTA TIMUR,JATINEGARA,CIPINANG BESAR SELATAN,175,1,12,2,160,2,0,0,0,2,1,0,0,1,307,40,267,13,0,13,95,3,68,2,22,
3175031008,DKI JAKARTA,JAKARTA TIMUR,JATINEGARA,CIPINANG BESAR UTARA,267,20,41,0,206,1,0,0,0,1,3,0,0,3,450,54,396,16,0,16,173,4,129,4,36,
3175031005,DKI JAKARTA,JAKARTA TIMUR,JATINEGARA,CIPINANG CEMPEDAK,175,2,16,2,155,0,0,0,0,0,2,0,0,2,275,33,242,12,0,12,73,4,55,1,13,
3175081005,DKI JAKARTA,JAKARTA TIMUR,MAKASAR,CIPINANG MELAYU,239,8,12,2,217,1,0,0,0,1,3,0,0,3,548,70,478,17,0,17,160,10,113,5,32,
3175031006,DKI JAKARTA,JAKARTA TIMUR,JATINEGARA,CIPINANG MUARA,270,9,29,1,231,4,0,0,0,4,5,0,0,5,576,81,495,24,0,24,178,4,123,3,48,
3174051003,DKI JAKARTA,JAKARTA SELATAN,KEBAYORAN LAMA,CIPULIR,211,0,14,4,193,4,0,0,0,4,6,0,0,6,440,17,423,7,0,7,128,2,106,4,16,
3175091001,DKI JAKARTA,JAKARTA TIMUR,CIRACAS,CIRACAS,526,6,41,9,470,3,0,0,0,3,22,0,0,22,1225,62,1163,44,0,44,260,22,180,8,50,
3175041003,DKI JAKARTA,JAKARTA TIMUR,KRAMAT JATI,DUKUH,174,5,15,1,153,0,0,0,0,0,1,0,0,1,428,70,358,13,0,13,91,4,65,1,21,
3175071001,DKI JAKARTA,JAKARTA TIMUR,DUREN SAWIT,DUREN SAWIT,676,9,30,3,634,14,0,0,0,14,2,0,0,2,748,76,672,25,0,25,364,12,286,10,56,
3174081004,DKI JAKARTA,JAKARTA SELATAN,PANCORAN,DUREN TIGA,284,1,22,0,261,2,0,0,0,2,3,0,0,3,449,34,415,2,0,2,84,7,61,0,16,
3173051005,DKI JAKARTA,JAKARTA BARAT,KEBON JERUK,DURI KEPA,338,4,38,2,294,3,0,0,0,3,12,0,0,12,915,91,824,67,0,67,241,20,183,9,29,
3173011002,DKI JAKARTA,JAKARTA BARAT,CENGKARENG,DURI KOSAMBI,375,8,37,3,327,0,0,0,0,0,4,0,0,4,735,110,625,10,0,10,179,9,132,4,34,
3171011006,DKI JAKARTA,JAKARTA PUSAT,GAMBIR,DURI PULO,133,2,12,3,116,0,0,0,0,0,0,0,0,0,280,18,262,7,0,7,129,11,79,4,35,
3173041011,DKI JAKARTA,JAKARTA BARAT,TAMBORA,DURI SELATAN,100,2,3,1,94,0,0,0,0,0,2,0,0,2,115,9,106,4,0,4,53,2,45,3,3,
3173041003,DKI JAKARTA,JAKARTA BARAT,TAMBORA,DURI UTARA,142,3,6,2,131,1,0,0,0,1,1,0,0,1,173,14,159,2,0,2,82,2,65,3,12,
3171081003,DKI JAKARTA,JAKARTA PUSAT,JOHAR BARU,GALUR,150,2,5,0,143,2,1,0,0,1,2,0,0,2,350,17,333,45,0,45,160,1,119,9,31,
3171011001,DKI JAKARTA,JAKARTA PUSAT,GAMBIR,GAMBIR,67,1,6,0,60,1,0,0,0,1,17,0,0,17,249,11,238,6,0,6,133,2,88,0,43,
3174061004,DKI JAKARTA,JAKARTA SELATAN,CILANDAK,GANDARIA SELATAN,145,4,9,0,132,2,0,0,0,2,20,0,0,20,502,45,457,2,0,2,82,4,67,3,8,
3174071009,DKI JAKARTA,JAKARTA SELATAN,KEBAYORAN BARU,GANDARIA UTARA,358,4,66,2,286,0,0,0,0,0,3,0,0,3,460,27,433,5,0,5,109,3,84,3,19,
3175051001,DKI JAKARTA,JAKARTA TIMUR,PASAR REBO,GEDONG,535,7,29,0,499,0,0,0,0,0,4,0,0,4,268,28,240,24,0,24,128,13,104,2,9,
3171071001,DKI JAKARTA,JAKARTA PUSAT,TANAH ABANG,GELORA,48,0,1,1,46,0,0,0,0,0,5,0,0,5,105,29,76,0,0,0,90,0,53,2,35,
3173031007,DKI JAKARTA,JAKARTA BARAT,TAMAN SARI,GLODOK,79,0,9,0,70,0,0,0,0,0,1,0,0,1,116,5,111,0,0,0,16,0,11,1,4,
3171061004,DKI JAKARTA,JAKARTA PUSAT,MENTENG,GONDANGDIA,46,0,2,1,43,0,0,0,0,0,5,0,0,5,103,12,91,7,0,7,46,3,32,3,8,
3173021001,DKI JAKARTA,JAKARTA BARAT,GROGOL PETAMBURAN,GROGOL,310,6,31,4,269,1,0,0,0,1,39,0,0,39,631,98,533,32,0,32,119,8,87,0,24,
3174051005,DKI JAKARTA,JAKARTA SELATAN,KEBAYORAN LAMA,GROGOL SELATAN,240,2,19,5,214,0,0,0,0,0,12,0,0,12,488,29,459,9,0,9,139,9,102,6,22,
3174051004,DKI JAKARTA,JAKARTA SELATAN,KEBAYORAN LAMA,GROGOL UTARA,273,2,21,4,246,0,0,0,0,0,24,0,0,24,489,26,463,15,0,15,191,9,150,7,25,
3174021007,DKI JAKARTA,JAKARTA SELATAN,SETIA BUDI,GUNTUR,45,0,3,0,42,0,0,0,0,0,1,0,0,1,128,9,119,1,0,1,23,2,19,0,2,
3174071002,DKI JAKARTA,JAKARTA SELATAN,KEBAYORAN BARU,GUNUNG,195,0,29,3,163,0,0,0,0,0,7,0,0,7,278,15,263,0,0,0,53,1,37,2,13,
3171031005,DKI JAKARTA,JAKARTA PUSAT,KEMAYORAN,GUNUNG SAHARI SELATAN,223,3,22,1,197,0,0,0,0,0,2,0,0,2,330,51,279,1,0,1,103,3,63,4,33,
3171021004,DKI JAKARTA,JAKARTA PUSAT,SAWAH BESAR,GUNUNG SAHARI UTARA,195,5,6,1,183,0,0,0,0,0,5,0,0,5,409,46,363,8,0,8,127,9,71,8,39,
3175081004,DKI JAKARTA,JAKARTA TIMUR,MAKASAR,HALIM PERDANA KUSUMAH,160,1,16,2,141,0,0,0,0,0,5,0,1,4,384,54,330,9,0,9,217,8,152,4,53,
3171031003,DKI JAKARTA,JAKARTA PUSAT,KEMAYORAN,HARAPAN MULIA,263,5,17,3,238,0,0,0,0,0,6,0,0,6,379,52,327,28,0,28,168,8,141,7,12,
3174091001,DKI JAKARTA,JAKARTA SELATAN,JAGAKARSA,JAGAKARSA,686,12,51,2,621,7,2,0,0,5,7,0,0,7,708,93,615,17,0,17,229,8,184,4,33,
3175021007,DKI JAKARTA,JAKARTA TIMUR,PULO GADUNG,JATI,270,8,29,1,232,0,0,0,0,0,7,0,0,7,708,63,645,29,0,29,174,6,151,1,16,
3174041002,DKI JAKARTA,JAKARTA SELATAN,PASAR MINGGU,JATI PADANG,324,5,50,2,267,0,0,0,0,0,3,0,0,3,462,41,421,67,0,67,97,8,72,3,14,
3173071004,DKI JAKARTA,JAKARTA BARAT,PALMERAH,JATI PULO,373,3,50,4,316,1,0,0,0,1,3,0,0,3,589,49,540,61,0,61,202,12,161,2,27,
3175061001,DKI JAKARTA,JAKARTA TIMUR,CAKUNG,JATINEGARA,369,8,60,3,298,1,0,0,0,1,3,0,1,2,931,117,814,41,0,41,249,13,186,6,44,
3175021004,DKI JAKARTA,JAKARTA TIMUR,PULO GADUNG,JATINEGARA KAUM,89,11,18,0,60,1,0,0,1,0,3,0,0,3,236,23,213,9,0,9,49,6,25,2,16,
3173021004,DKI JAKARTA,JAKARTA BARAT,GROGOL PETAMBURAN,JELAMBAR,290,3,28,5,254,2,0,0,0,2,24,0,0,24,579,28,551,11,0,11,125,5,103,5,12,
3173021006,DKI JAKARTA,JAKARTA BARAT,GROGOL PETAMBURAN,JELAMBAR BARU,285,0,16,2,267,2,0,0,0,2,4,0,0,4,472,27,445,18,0,18,87,9,61,4,13,
3173041006,DKI JAKARTA,JAKARTA BARAT,TAMBORA,JEMBATAN BESI,469,2,20,1,446,0,0,0,0,0,4,0,0,4,423,13,410,7,0,7,176,11,148,6,11,
3173041008,DKI JAKARTA,JAKARTA BARAT,TAMBORA,JEMBATAN LIMA,143,1,11,0,131,0,0,0,0,0,0,0,0,0,169,8,161,1,0,1,65,5,42,4,14,
3173081005,DKI JAKARTA,JAKARTA BARAT,KEMBANGAN,JOGLO,243,1,42,4,196,0,0,0,0,0,4,0,0,4,470,102,368,12,0,12,134,10,75,2,47,
3171081001,DKI JAKARTA,JAKARTA PUSAT,JOHAR BARU,JOHAR BARU,465,10,17,3,435,1,0,0,0,1,4,0,0,4,1303,42,1261,95,0,95,357,8,290,14,45,
3173041002,DKI JAKARTA,JAKARTA BARAT,TAMBORA,KALI ANYAR,290,6,17,0,267,1,0,0,0,1,3,0,0,3,312,12,300,10,0,10,138,7,116,4,11,
3172041004,DKI JAKARTA,JAKARTA UTARA,CILINCING,KALI BARU,339,19,31,5,284,0,0,0,0,0,4,0,0,4,573,27,546,36,0,36,239,9,192,7,31,
3174081002,DKI JAKARTA,JAKARTA SELATAN,PANCORAN,KALIBATA,385,5,21,4,355,7,1,0,0,6,11,0,1,10,622,56,566,12,0,12,212,5,169,4,34,
3173061001,DKI JAKARTA,JAKARTA BARAT,KALI DERES,KALIDERES,767,13,49,4,701,1,0,0,0,1,5,0,0,5,1746,123,1623,29,0,29,237,31,170,4,32,
3175051004,DKI JAKARTA,JAKARTA TIMUR,PASAR REBO,KALISARI,672,4,69,0,599,0,0,0,0,0,3,0,0,3,362,62,300,10,0,10,131,7,102,3,19,
3173061004,DKI JAKARTA,JAKARTA BARAT,KALI DERES,KAMAL,261,2,7,3,249,0,0,0,0,0,1,0,0,1,459,45,414,4,0,4,35,3,24,4,4,
3172011002,DKI JAKARTA,JAKARTA UTARA,PENJARINGAN,KAMAL MUARA,65,3,8,0,54,0,0,0,0,0,4,0,0,4,126,18,108,1,0,1,60,2,52,2,4,
3171071007,DKI JAKARTA,JAKARTA PUSAT,TANAH ABANG,KAMPUNG BALI,119,1,3,2,113,1,0,0,0,1,2,0,0,2,154,9,145,2,0,2,45,6,33,2,4,
3175031001,DKI JAKARTA,JAKARTA TIMUR,JATINEGARA,KAMPUNG MELAYU,158,3,20,5,130,2,0,0,0,2,4,0,0,4,175,14,161,4,0,4,132,5,104,3,20,
3171081002,DKI JAKARTA,JAKARTA PUSAT,JOHAR BARU,KAMPUNG RAWA,231,3,3,0,225,1,0,0,0,1,0,0,0,0,538,29,509,63,0,63,228,12,165,13,38,
3175041002,DKI JAKARTA,JAKARTA TIMUR,KRAMAT JATI,KAMPUNG TENGAH,396,5,16,1,374,1,0,0,0,1,9,0,1,8,894,76,818,49,0,49,211,8,175,10,18,
3173011005,DKI JAKARTA,JAKARTA BARAT,CENGKARENG,KAPUK,496,6,34,16,440,1,0,0,0,1,10,0,0,10,1073,105,968,13,0,13,281,24,206,8,43,
3172011003,DKI JAKARTA,JAKARTA UTARA,PENJARINGAN,KAPUK MUARA,146,1,15,0,130,0,0,0,0,0,9,0,0,9,369,49,320,20,0,20,95,10,75,7,3,
3171021002,DKI JAKARTA,JAKARTA PUSAT,SAWAH BESAR,KARANG ANYAR,357,3,11,5,338,1,0,0,0,1,4,0,0,4,704,53,651,8,0,8,140,5,111,5,19,
3174021004,DKI JAKARTA,JAKARTA SELATAN,SETIA BUDI,KARET,99,1,3,0,95,0,0,0,0,0,10,0,0,10,295,14,281,4,0,4,52,0,44,0,8,
3174021003,DKI JAKARTA,JAKARTA SELATAN,SETIA BUDI,KARET KUNINGAN,161,2,11,1,147,0,0,0,0,0,21,0,0,21,276,20,256,4,0,4,66,9,41,2,14,
3174021002,DKI JAKARTA,JAKARTA SELATAN,SETIA BUDI,KARET SEMANGGI,48,4,0,1,43,0,0,0,0,0,3,0,0,3,70,3,67,0,0,0,20,5,10,2,3,
3171071003,DKI JAKARTA,JAKARTA PUSAT,TANAH ABANG,KARET TENGSIN,192,3,3,0,186,0,0,0,0,0,7,0,0,7,249,33,216,0,0,0,96,9,52,1,34,
3171021003,DKI JAKARTA,JAKARTA PUSAT,SAWAH BESAR,KARTINI,255,1,19,1,234,1,0,0,0,1,0,0,0,0,507,38,469,16,0,16,159,4,128,4,23,
3175011003,DKI JAKARTA,JAKARTA TIMUR,MATRAMAN,KAYU MANIS,243,6,10,0,227,3,2,0,0,1,0,0,0,0,535,36,499,27,0,27,127,6,92,4,25,
3175021006,DKI JAKARTA,JAKARTA TIMUR,PULO GADUNG,KAYU PUTIH,339,2,24,4,309,1,0,0,1,0,11,0,0,11,842,45,797,37,0,37,206,11,167,6,22,
3173031006,DKI JAKARTA,JAKARTA BARAT,TAMAN SARI,KEAGUNGAN,237,0,18,0,219,0,0,0,0,0,2,0,0,2,411,66,345,9,0,9,117,1,88,1,27,
3174041007,DKI JAKARTA,JAKARTA SELATAN,PASAR MINGGU,KEBAGUSAN,412,8,54,1,349,2,0,0,0,2,2,0,0,2,564,37,527,39,0,39,110,6,82,0,22,
3174051006,DKI JAKARTA,JAKARTA SELATAN,KEBAYORAN LAMA,KEBAYORAN LAMA SELATAN,374,3,22,0,349,4,0,0,0,4,2,0,0,2,663,28,635,12,0,12,148,5,104,4,35,
3174051001,DKI JAKARTA,JAKARTA SELATAN,KEBAYORAN LAMA,KEBAYORAN LAMA UTARA,276,5,25,1,245,1,0,0,0,1,15,0,0,15,397,22,375,3,0,3,101,4,74,3,20,
3174011004,DKI JAKARTA,JAKARTA SELATAN,TEBET,KEBON BARU,248,0,36,2,210,0,0,0,0,0,15,0,0,15,493,41,452,17,0,17,109,6,84,0,19,
3172021005,DKI JAKARTA,JAKARTA UTARA,TANJUNG PRIOK,KEBON BAWANG,498,12,36,1,449,0,0,0,0,0,13,0,0,13,928,128,800,62,0,62,293,10,247,3,33,
3173051001,DKI JAKARTA,JAKARTA BARAT,KEBON JERUK,KEBON JERUK,442,4,44,6,388,2,0,0,0,2,13,0,0,13,1350,158,1192,57,0,57,277,16,215,13,33,
3171071006,DKI JAKARTA,JAKARTA PUSAT,TANAH ABANG,KEBON KACANG,384,0,11,1,372,1,0,0,0,1,0,0,0,0,357,10,347,5,0,5,242,5,202,11,24,
3171011005,DKI JAKARTA,JAKARTA PUSAT,GAMBIR,KEBON KELAPA,116,6,8,1,101,3,1,0,0,2,2,0,0,2,187,23,164,1,0,1,60,5,34,1,20,
3171031002,DKI JAKARTA,JAKARTA PUSAT,KEMAYORAN,KEBON KOSONG,287,7,22,5,253,0,0,0,0,0,7,0,0,7,339,34,305,30,0,30,174,3,122,7,42,
3175011005,DKI JAKARTA,JAKARTA TIMUR,MATRAMAN,KEBON MANGGIS,135,0,6,4,125,0,0,0,0,0,2,0,1,1,206,30,176,20,0,20,106,1,95,2,8,
3171071005,DKI JAKARTA,JAKARTA PUSAT,TANAH ABANG,KEBON MELATI,400,2,8,3,387,0,0,0,0,0,5,0,0,5,479,20,459,7,0,7,363,17,261,7,78,
3175081003,DKI JAKARTA,JAKARTA TIMUR,MAKASAR,KEBON PALA,183,6,12,1,164,1,1,0,0,0,4,0,0,4,745,84,661,15,0,15,193,12,139,3,39,
3171061005,DKI JAKARTA,JAKARTA PUSAT,MENTENG,KEBON SIRIH,125,0,10,2,113,0,0,0,0,0,2,0,0,2,258,9,249,14,0,14,110,1,94,2,13,
3173011004,DKI JAKARTA,JAKARTA BARAT,CENGKARENG,KEDAUNG KALI ANGKE,309,2,21,0,286,0,0,0,0,0,1,0,0,1,344,52,292,5,0,5,189,13,134,3,39,
3173051007,DKI JAKARTA,JAKARTA BARAT,KEBON JERUK,KEDOYA SELATAN,218,3,24,5,186,2,0,0,0,2,6,0,0,6,453,46,407,18,0,18,111,9,78,4,20,
3173051006,DKI JAKARTA,JAKARTA BARAT,KEBON JERUK,KEDOYA UTARA,214,3,33,2,176,1,0,0,0,1,15,0,0,15,619,91,528,18,0,18,145,22,95,3,25,
3173051004,DKI JAKARTA,JAKARTA BARAT,KEBON JERUK,KELAPA DUA,173,4,33,0,136,0,0,0,0,0,5,0,0,5,387,67,320,21,0,21,81,5,51,2,23,
3175091003,DKI JAKARTA,JAKARTA TIMUR,CIRACAS,KELAPA DUA WETAN,403,8,34,1,360,1,1,0,0,0,7,0,0,7,837,50,787,35,0,35,129,11,98,2,18,
3172061003,DKI JAKARTA,JAKARTA UTARA,KELAPA GADING,KELAPA GADING BARAT,658,19,62,3,574,2,0,0,0,2,46,0,0,46,1084,92,992,83,0,83,284,14,229,5,36,
3172061001,DKI JAKARTA,JAKARTA UTARA,KELAPA GADING,KELAPA GADING TIMUR,554,22,40,2,490,1,0,0,0,1,20,0,2,18,1046,78,968,57,0,57,154,11,116,8,19,
3173071005,DKI JAKARTA,JAKARTA BARAT,PALMERAH,KEMANGGISAN,429,7,54,6,362,0,0,0,0,0,8,0,0,8,692,93,599,49,0,49,182,7,151,5,19,
3171031001,DKI JAKARTA,JAKARTA PUSAT,KEMAYORAN,KEMAYORAN,291,5,15,3,268,0,0,0,0,0,0,0,0,0,440,45,395,20,0,20,228,3,171,10,44,
3173081006,DKI JAKARTA,JAKARTA BARAT,KEMBANGAN,KEMBANGAN SELATAN,167,3,15,1,148,0,0,0,0,0,5,0,0,5,419,41,378,52,0,52,117,6,94,3,14,
3173081001,DKI JAKARTA,JAKARTA BARAT,KEMBANGAN,KEMBANGAN UTARA,387,11,55,3,318,4,2,0,1,1,3,0,1,2,1158,81,1077,10,0,10,176,11,124,4,37,
3171041002,DKI JAKARTA,JAKARTA PUSAT,SENEN,KENARI,166,1,13,1,151,1,0,0,0,1,1,0,0,1,386,27,359,44,0,44,146,4,139,2,1,
3173041005,DKI JAKARTA,JAKARTA BARAT,TAMBORA,KERENDANG,202,1,10,2,189,1,0,0,0,1,0,0,0,0,160,7,153,3,0,3,98,5,77,6,10,
3175071003,DKI JAKARTA,JAKARTA TIMUR,DUREN SAWIT,KLENDER,506,11,31,2,462,2,0,0,0,2,3,0,0,3,689,67,622,23,0,23,244,10,188,9,37,
3172031001,DKI JAKARTA,JAKARTA UTARA,KOJA,KOJA,238,4,11,0,223,0,0,0,0,0,4,0,0,4,378,11,367,35,0,35,177,1,153,5,18,
3173071006,DKI JAKARTA,JAKARTA BARAT,PALMERAH,KOTA BAMBU SELATAN,364,4,24,5,331,0,0,0,0,0,1,0,0,1,718,25,693,71,0,71,192,6,166,5,15,
3173071003,DKI JAKARTA,JAKARTA BARAT,PALMERAH,KOTA BAMBU UTARA,311,1,25,11,274,0,0,0,0,0,3,0,0,3,469,40,429,54,0,54,182,7,153,6,16,
3171041004,DKI JAKARTA,JAKARTA PUSAT,SENEN,KRAMAT,312,0,3,6,303,0,0,0,0,0,5,0,0,5,763,29,734,32,0,32,214,3,193,10,8,
3175041001,DKI JAKARTA,JAKARTA TIMUR,KRAMAT JATI,KRAMAT JATI,275,9,41,1,224,0,0,0,0,0,9,0,0,9,580,86,494,21,0,21,171,15,123,6,27,
3174071003,DKI JAKARTA,JAKARTA SELATAN,KEBAYORAN BARU,KRAMAT PELA,138,0,39,0,99,0,0,0,0,0,0,0,0,0,429,11,418,6,0,6,93,1,88,0,4,
3173031002,DKI JAKARTA,JAKARTA BARAT,TAMAN SARI,KRUKUT,198,3,38,6,151,0,0,0,0,0,3,0,0,3,319,48,271,12,0,12,106,9,64,4,29,
3174031005,DKI JAKARTA,JAKARTA SELATAN,MAMPANG PRAPATAN,KUNINGAN BARAT,88,1,3,1,83,0,0,0,0,0,0,0,0,0,378,76,302,5,0,5,46,3,19,0,24,
3174021008,DKI JAKARTA,JAKARTA SELATAN,SETIA BUDI,KUNINGAN TIMUR,103,0,15,1,87,1,0,0,0,1,20,0,0,20,113,7,106,1,0,1,48,2,40,2,4,
3171041005,DKI JAKARTA,JAKARTA PUSAT,SENEN,KWITANG,194,3,4,0,187,2,0,0,0,2,5,0,0,5,372,22,350,9,0,9,94,1,81,4,8,
3172031003,DKI JAKARTA,JAKARTA UTARA,KOJA,LAGOA,468,9,23,1,435,0,0,0,0,0,5,0,0,5,530,39,491,57,0,57,457,6,372,7,72,
3174061002,DKI JAKARTA,JAKARTA SELATAN,CILANDAK,LEBAK BULUS,259,5,31,2,221,3,0,0,0,3,27,0,0,27,510,88,422,22,0,22,140,7,92,8,33,
3174091004,DKI JAKARTA,JAKARTA SELATAN,JAGAKARSA,LENTENG AGUNG,485,12,28,0,445,3,1,0,0,2,6,0,0,6,427,53,374,12,0,12,131,4,105,0,22,
LUAR DKI JAKARTA,LUAR DKI JAKARTA,LUAR DKI JAKARTA,LUAR DKI JAKARTA,LUAR DKI JAKARTA,22490,753,2628,98,19011,55,4,0,0,51,529,0,50,479,32701,7503,25198,1387,0,1387,6905,396,6004,131,374,
3175101007,DKI JAKARTA,JAKARTA TIMUR,CIPAYUNG,LUBANG BUAYA,472,13,44,3,412,1,0,0,0,1,5,0,0,5,536,55,481,28,0,28,174,16,130,2,26,
3175081001,DKI JAKARTA,JAKARTA TIMUR,MAKASAR,MAKASAR,188,11,15,1,161,0,0,0,0,0,8,0,0,8,866,110,756,22,0,22,147,10,102,0,35,
3175071006,DKI JAKARTA,JAKARTA TIMUR,DUREN SAWIT,MALAKA JAYA,260,2,14,2,242,1,0,0,0,1,2,0,0,2,432,33,399,12,0,12,139,2,107,1,29,
3175071005,DKI JAKARTA,JAKARTA TIMUR,DUREN SAWIT,MALAKA SARI,229,2,10,1,216,0,0,0,0,0,0,0,0,0,345,44,301,11,0,11,116,6,73,3,34,
3174031001,DKI JAKARTA,JAKARTA SELATAN,MAMPANG PRAPATAN,MAMPANG PRAPATAN,228,1,22,2,203,0,0,0,0,0,0,0,0,0,822,65,757,9,0,9,210,14,149,7,40,
3173031005,DKI JAKARTA,JAKARTA BARAT,TAMAN SARI,MANGGA BESAR,100,4,14,1,81,0,0,0,0,0,0,0,0,0,132,6,126,4,0,4,39,5,23,1,10,
3171021005,DKI JAKARTA,JAKARTA PUSAT,SAWAH BESAR,MANGGA DUA SELATAN,255,3,24,1,227,3,0,0,0,3,1,0,0,1,647,41,606,9,0,9,141,4,111,2,24,
3174011007,DKI JAKARTA,JAKARTA SELATAN,TEBET,MANGGARAI,290,6,49,0,235,4,0,0,0,4,4,0,0,4,404,39,365,21,0,21,113,11,80,1,21,
3174011006,DKI JAKARTA,JAKARTA SELATAN,TEBET,MANGGARAI SELATAN,164,3,21,2,138,0,0,0,0,0,6,0,0,6,383,24,359,19,0,19,69,2,57,2,8,
3173031003,DKI JAKARTA,JAKARTA BARAT,TAMAN SARI,MAPHAR,167,1,19,1,146,0,0,0,0,0,6,0,0,6,303,28,275,36,0,36,160,6,136,1,17,
3172041003,DKI JAKARTA,JAKARTA UTARA,CILINCING,MARUNDA,215,4,24,0,187,2,0,0,0,2,0,0,0,0,302,11,291,12,0,12,82,7,68,1,6,
3174071001,DKI JAKARTA,JAKARTA SELATAN,KEBAYORAN BARU,MELAWAI,43,0,1,0,42,0,0,0,0,0,1,0,0,1,52,3,49,0,0,0,12,2,8,0,2,
3171061001,DKI JAKARTA,JAKARTA PUSAT,MENTENG,MENTENG,300,3,44,2,251,2,0,0,0,2,1,0,0,1,591,42,549,25,0,25,209,8,144,7,50,
3174021005,DKI JAKARTA,JAKARTA SELATAN,SETIA BUDI,MENTENG ATAS,266,2,21,3,240,1,0,0,0,1,45,0,0,45,992,47,945,36,0,36,152,5,130,2,15,
3174011003,DKI JAKARTA,JAKARTA SELATAN,TEBET,MENTENG DALAM,455,10,37,4,404,3,1,0,0,2,13,0,0,13,590,35,555,39,0,39,128,3,97,6,22,
3173081003,DKI JAKARTA,JAKARTA BARAT,KEMBANGAN,MERUYA SELATAN,232,3,35,1,193,0,0,0,0,0,2,0,0,2,526,127,399,15,0,15,117,5,93,3,16,
3173081002,DKI JAKARTA,JAKARTA BARAT,KEMBANGAN,MERUYA UTARA,351,6,82,6,257,1,0,0,1,0,7,0,1,6,710,114,596,10,0,10,139,6,95,2,36,
3175101004,DKI JAKARTA,JAKARTA TIMUR,CIPAYUNG,MUNJUL,186,2,18,0,166,0,0,0,0,0,2,0,0,2,223,28,195,23,0,23,61,6,50,1,4,
3172051002,DKI JAKARTA,JAKARTA UTARA,PADEMANGAN,PADEMANGAN BARAT,1577,8,159,5,1405,4,0,0,0,4,13,0,1,12,2213,125,2088,29,0,29,581,9,508,19,45,
3172051001,DKI JAKARTA,JAKARTA UTARA,PADEMANGAN,PADEMANGAN TIMUR,486,4,57,3,422,1,0,0,0,1,13,0,0,13,710,50,660,14,0,14,157,2,134,3,18,
3175011004,DKI JAKARTA,JAKARTA TIMUR,MATRAMAN,PAL MERIAM,185,4,8,2,171,1,0,0,0,1,2,0,0,2,490,32,458,58,0,58,146,4,113,6,23,
3173071001,DKI JAKARTA,JAKARTA BARAT,PALMERAH,PALMERAH,794,6,79,2,707,0,0,0,0,0,2,0,0,2,1370,136,1234,70,0,70,312,8,242,16,46,
3174081001,DKI JAKARTA,JAKARTA SELATAN,PANCORAN,PANCORAN,274,2,14,0,258,1,0,0,0,1,9,0,0,9,475,32,443,6,0,6,171,6,147,4,14,
3172021003,DKI JAKARTA,JAKARTA UTARA,TANJUNG PRIOK,PAPANGGO,309,5,38,0,266,1,0,0,0,1,5,0,0,5,653,53,600,51,0,51,188,5,152,2,29,
3171021001,DKI JAKARTA,JAKARTA PUSAT,SAWAH BESAR,PASAR BARU,176,6,8,2,160,1,0,0,0,1,4,0,0,4,385,39,346,6,0,6,130,3,88,1,38,
3174021006,DKI JAKARTA,JAKARTA SELATAN,SETIA BUDI,PASAR MANGGIS,183,5,12,3,163,2,0,0,0,2,27,0,1,26,718,53,665,15,0,15,134,2,105,8,19,
3174041001,DKI JAKARTA,JAKARTA SELATAN,PASAR MINGGU,PASAR MINGGU,297,5,25,1,266,2,0,0,0,2,5,0,0,5,416,18,398,20,0,20,133,11,102,2,18,
3171041003,DKI JAKARTA,JAKARTA PUSAT,SENEN,PASEBAN,387,6,27,1,353,1,0,0,0,1,8,0,2,6,657,60,597,60,0,60,204,6,156,7,35,
3173061005,DKI JAKARTA,JAKARTA BARAT,KALI DERES,PEGADUNGAN,540,11,30,7,492,0,0,0,0,0,10,0,0,10,1163,121,1042,17,0,17,162,12,121,4,25,
3171061002,DKI JAKARTA,JAKARTA PUSAT,MENTENG,PEGANGSAAN,288,2,20,2,264,1,0,0,0,1,0,0,0,0,738,32,706,50,0,50,289,4,240,4,41,
3172061002,DKI JAKARTA,JAKARTA UTARA,KELAPA GADING,PEGANGSAAN DUA,641,14,44,1,582,1,1,0,0,0,41,0,0,41,1411,131,1280,110,0,110,273,13,213,7,40,
3172011004,DKI JAKARTA,JAKARTA UTARA,PENJARINGAN,PEJAGALAN,332,4,37,2,289,2,1,0,0,1,7,0,0,7,713,93,620,28,0,28,173,11,109,3,50,
3174041006,DKI JAKARTA,JAKARTA SELATAN,PASAR MINGGU,PEJATEN BARAT,322,0,43,2,277,7,0,0,0,7,1,0,0,1,529,38,491,73,0,73,135,6,94,2,33,
3174041005,DKI JAKARTA,JAKARTA SELATAN,PASAR MINGGU,PEJATEN TIMUR,357,8,43,1,305,4,0,0,0,4,3,0,1,2,488,49,439,40,0,40,137,16,92,7,22,
3175051005,DKI JAKARTA,JAKARTA TIMUR,PASAR REBO,PEKAYON,597,1,35,1,560,0,0,0,0,0,3,0,0,3,243,30,213,11,0,11,113,15,72,2,24,
3173041009,DKI JAKARTA,JAKARTA BARAT,TAMBORA,PEKOJAN,232,1,24,2,205,0,0,0,0,0,2,0,0,2,191,6,185,17,0,17,91,7,59,3,22,
3174031003,DKI JAKARTA,JAKARTA SELATAN,MAMPANG PRAPATAN,PELA MAMPANG,262,1,14,2,245,4,0,0,0,4,14,0,0,14,1081,170,911,6,0,6,184,10,136,5,33,
3174081005,DKI JAKARTA,JAKARTA SELATAN,PANCORAN,PENGADEGAN,153,1,9,2,141,0,0,0,0,0,8,0,0,8,325,28,297,10,0,10,74,2,59,0,13,
3175061003,DKI JAKARTA,JAKARTA TIMUR,CAKUNG,PENGGILINGAN,421,9,30,1,381,1,0,0,0,1,6,0,0,6,1178,169,1009,75,0,75,327,10,242,8,67,
3172011001,DKI JAKARTA,JAKARTA UTARA,PENJARINGAN,PENJARINGAN,705,7,108,4,586,1,0,0,0,1,22,0,0,22,2509,152,2357,118,0,118,411,11,318,14,68,
3174101001,DKI JAKARTA,JAKARTA SELATAN,PESANGGRAHAN,PESANGGRAHAN,339,4,36,4,295,2,0,0,1,1,0,0,0,0,656,140,516,19,0,19,94,3,72,3,16,
3171071004,DKI JAKARTA,JAKARTA PUSAT,TANAH ABANG,PETAMBURAN,488,1,16,7,464,0,0,0,0,0,7,0,0,7,441,33,408,7,0,7,336,15,255,11,55,
3174071008,DKI JAKARTA,JAKARTA SELATAN,KEBAYORAN BARU,PETOGOGAN,108,0,12,0,96,0,0,0,0,0,3,0,0,3,196,4,192,0,0,0,44,2,27,0,15,
3171011004,DKI JAKARTA,JAKARTA PUSAT,GAMBIR,PETOJO SELATAN,177,4,17,1,155,0,0,0,0,0,23,0,1,22,531,60,471,15,0,15,201,5,116,8,72,
3171011003,DKI JAKARTA,JAKARTA PUSAT,GAMBIR,PETOJO UTARA,147,2,9,3,133,1,0,0,0,1,11,0,0,11,290,19,271,25,0,25,100,3,69,2,26,
3174101004,DKI JAKARTA,JAKARTA SELATAN,PESANGGRAHAN,PETUKANGAN SELATAN,316,4,40,2,270,0,0,0,0,0,2,0,0,2,613,67,546,8,0,8,65,1,36,2,26,
3174101003,DKI JAKARTA,JAKARTA SELATAN,PESANGGRAHAN,PETUKANGAN UTARA,375,4,28,4,339,2,0,0,0,2,5,0,0,5,1322,112,1210,9,0,9,141,15,97,2,27,
3175081002,DKI JAKARTA,JAKARTA TIMUR,MAKASAR,PINANG RANTI,142,8,10,1,123,0,0,0,0,0,0,0,0,0,543,44,499,23,0,23,97,2,70,4,21,
3173031008,DKI JAKARTA,JAKARTA BARAT,TAMAN SARI,PINANGSIA,100,0,17,1,82,0,0,0,0,0,2,0,0,2,174,12,162,2,0,2,61,2,43,0,16,
3175011001,DKI JAKARTA,JAKARTA TIMUR,MATRAMAN,PISANGAN BARU,248,1,10,3,234,1,0,0,0,1,2,0,0,2,320,55,265,30,0,30,136,2,102,6,26,
3175021002,DKI JAKARTA,JAKARTA TIMUR,PULO GADUNG,PISANGAN TIMUR,253,5,23,4,221,1,0,0,0,1,10,0,0,10,506,31,475,26,0,26,128,7,89,5,27,
3172011005,DKI JAKARTA,JAKARTA UTARA,PENJARINGAN,PLUIT,246,9,47,4,186,0,0,0,0,0,12,0,0,12,919,110,809,13,0,13,146,10,115,8,13,
3175071002,DKI JAKARTA,JAKARTA TIMUR,DUREN SAWIT,PONDOK BAMBU,803,13,44,1,745,3,0,0,0,3,3,0,0,3,736,104,632,22,0,22,263,15,186,5,57,
3175071004,DKI JAKARTA,JAKARTA TIMUR,DUREN SAWIT,PONDOK KELAPA,514,10,23,0,481,0,0,0,0,0,11,0,1,10,833,77,756,17,0,17,239,6,175,10,48,
3175071007,DKI JAKARTA,JAKARTA TIMUR,DUREN SAWIT,PONDOK KOPI,319,4,21,1,293,0,0,0,0,0,1,0,0,1,308,27,281,11,0,11,145,7,111,7,20,
3174061003,DKI JAKARTA,JAKARTA SELATAN,CILANDAK,PONDOK LABU,310,9,42,1,258,6,1,0,0,5,73,0,0,73,777,104,673,37,0,37,89,7,63,1,18,
3174051002,DKI JAKARTA,JAKARTA SELATAN,KEBAYORAN LAMA,PONDOK PINANG,426,10,38,4,374,0,0,0,0,0,44,0,0,44,651,56,595,9,0,9,169,14,128,9,18,
3175101003,DKI JAKARTA,JAKARTA TIMUR,CIPAYUNG,PONDOK RANGGON,188,3,19,3,163,0,0,0,0,0,3,0,0,3,220,44,176,21,0,21,84,8,57,1,18,
PROSES UPDATE DATA,PROSES UPDATE DATA,PROSES UPDATE DATA,PROSES UPDATE DATA,PROSES UPDATE DATA,12020,142,475,1696,9707,2264,0,0,2262,2,105,0,0,105,8191,1063,7128,72,1,71,19047,1602,14647,411,2387,
3101011003,DKI JAKARTA,KAB.ADM.KEP.SERIBU,KEP. SERIBU UTARA,PULAU HARAPAN,60,0,0,0,60,0,0,0,0,0,0,0,0,0,62,3,59,0,0,0,5,0,2,0,3,
3101011002,DKI JAKARTA,KAB.ADM.KEP.SERIBU,KEP. SERIBU UTARA,PULAU KELAPA,52,0,5,1,46,0,0,0,0,0,3,0,0,3,144,2,142,1,0,1,5,0,5,0,0,
3101011001,DKI JAKARTA,KAB.ADM.KEP.SERIBU,KEP. SERIBU UTARA,PULAU PANGGANG,88,1,29,1,57,0,0,0,0,0,0,0,0,0,156,12,144,4,0,4,19,0,15,0,4,
3101021003,DKI JAKARTA,KAB.ADM.KEP.SERIBU,KEP. SERIBU SELATAN,PULAU PARI,6,0,0,0,6,0,0,0,0,0,0,0,0,0,167,6,161,1,0,1,4,1,3,0,0,
3101021002,DKI JAKARTA,KAB.ADM.KEP.SERIBU,KEP. SERIBU SELATAN,PULAU TIDUNG,36,1,2,0,33,0,0,0,0,0,0,0,0,0,349,14,335,1,0,1,31,0,30,0,1,
3101021001,DKI JAKARTA,KAB.ADM.KEP.SERIBU,KEP. SERIBU SELATAN,PULAU UNTUNG JAWA,24,0,0,0,24,0,0,0,0,0,0,0,0,0,100,2,98,0,0,0,3,0,2,0,1,
3174071007,DKI JAKARTA,JAKARTA SELATAN,KEBAYORAN BARU,PULO,169,0,34,1,134,1,1,0,0,0,1,0,0,1,145,24,121,0,0,0,36,1,26,0,9,
3175021001,DKI JAKARTA,JAKARTA TIMUR,PULO GADUNG,PULO GADUNG,290,9,25,2,254,0,0,0,0,0,10,0,1,9,663,66,597,23,0,23,150,7,113,4,26,
3175061005,DKI JAKARTA,JAKARTA TIMUR,CAKUNG,PULO GEBANG,373,6,58,2,307,1,0,0,0,1,6,0,1,5,1019,126,893,56,0,56,229,15,164,5,45,
3174041004,DKI JAKARTA,JAKARTA SELATAN,PASAR MINGGU,RAGUNAN,410,12,72,2,324,1,0,0,0,1,1,0,0,1,521,52,469,24,0,24,101,8,52,4,37,
3175091005,DKI JAKARTA,JAKARTA TIMUR,CIRACAS,RAMBUTAN,296,7,15,1,273,2,0,0,0,2,12,0,0,12,602,37,565,29,0,29,88,7,65,0,16,
3172031006,DKI JAKARTA,JAKARTA UTARA,KOJA,RAWA BADAK SELATAN,390,6,12,2,370,2,0,0,0,2,2,0,0,2,455,52,403,43,0,43,260,6,220,4,30,
3172031004,DKI JAKARTA,JAKARTA UTARA,KOJA,RAWA BADAK UTARA,332,12,10,1,309,0,0,0,0,0,2,0,0,2,401,30,371,56,0,56,195,5,170,4,16,
3174071005,DKI JAKARTA,JAKARTA SELATAN,KEBAYORAN BARU,RAWA BARAT,67,0,3,2,62,0,0,0,0,0,1,0,0,1,126,5,121,0,0,0,14,1,10,1,2,
3173011003,DKI JAKARTA,JAKARTA BARAT,CENGKARENG,RAWA BUAYA,214,5,22,2,185,0,0,0,0,0,4,0,0,4,546,99,447,5,0,5,154,7,121,7,19,
3175031004,DKI JAKARTA,JAKARTA TIMUR,JATINEGARA,RAWA BUNGA,116,7,12,1,96,0,0,0,0,0,1,0,0,1,154,25,129,9,0,9,77,3,59,1,14,
3174081003,DKI JAKARTA,JAKARTA SELATAN,PANCORAN,RAWA JATI,223,1,15,0,207,2,0,0,0,2,10,0,0,10,395,44,351,7,0,7,51,4,39,0,8,
3175061002,DKI JAKARTA,JAKARTA TIMUR,CAKUNG,RAWA TERATE,78,3,21,0,54,0,0,0,0,0,2,0,0,2,252,28,224,3,0,3,72,5,49,0,18,
3175021005,DKI JAKARTA,JAKARTA TIMUR,PULO GADUNG,RAWAMANGUN,257,4,27,0,226,0,0,0,0,0,7,0,0,7,646,62,584,27,0,27,162,14,115,3,30,
3171051003,DKI JAKARTA,JAKARTA PUSAT,CEMPAKA PUTIH,RAWASARI,544,2,17,2,523,3,0,0,1,2,6,0,0,6,992,52,940,30,0,30,302,15,190,4,93,
3173041010,DKI JAKARTA,JAKARTA BARAT,TAMBORA,ROA MALAKA,29,1,2,0,26,1,0,0,0,1,0,0,0,0,32,0,32,1,0,1,12,0,10,0,2,
3172041006,DKI JAKARTA,JAKARTA UTARA,CILINCING,ROROTAN,276,9,38,2,227,0,0,0,0,0,3,0,1,2,513,35,478,65,0,65,117,8,83,2,24,
3174071004,DKI JAKARTA,JAKARTA SELATAN,KEBAYORAN BARU,SELONG,42,0,16,0,26,0,0,0,0,0,3,0,0,3,83,7,76,0,0,0,21,3,16,1,1,
3173061002,DKI JAKARTA,JAKARTA BARAT,KALI DERES,SEMANAN,315,6,23,3,283,0,0,0,0,0,2,0,0,2,762,86,676,6,0,6,91,2,69,1,19,
3172041007,DKI JAKARTA,JAKARTA UTARA,CILINCING,SEMPER BARAT,522,4,63,1,454,2,0,0,0,2,12,0,1,11,975,47,928,89,0,89,321,3,282,4,32,
3172041005,DKI JAKARTA,JAKARTA UTARA,CILINCING,SEMPER TIMUR,304,8,26,1,269,1,0,0,0,1,4,0,1,3,593,34,559,38,0,38,165,4,145,3,13,
3174071006,DKI JAKARTA,JAKARTA SELATAN,KEBAYORAN BARU,SENAYAN,37,0,3,0,34,0,0,0,0,0,9,0,0,9,191,7,184,0,0,0,52,3,46,0,3,
3171041001,DKI JAKARTA,JAKARTA PUSAT,SENEN,SENEN,156,3,8,0,145,1,0,0,0,1,6,0,0,6,597,15,582,25,0,25,117,5,96,2,14,
3171031004,DKI JAKARTA,JAKARTA PUSAT,KEMAYORAN,SERDANG,334,2,19,2,311,0,0,0,0,0,5,0,0,5,459,53,406,28,0,28,158,5,89,4,60,
3174021001,DKI JAKARTA,JAKARTA SELATAN,SETIA BUDI,SETIA BUDI,65,1,12,0,52,0,0,0,0,0,4,0,0,4,225,23,202,6,0,6,21,0,16,0,5,
3175101005,DKI JAKARTA,JAKARTA TIMUR,CIPAYUNG,SETU,194,4,11,0,179,1,1,0,0,0,2,0,0,2,226,30,196,13,0,13,74,8,50,0,16,
3173071002,DKI JAKARTA,JAKARTA BARAT,PALMERAH,SLIPI,410,3,46,2,359,0,0,0,0,0,2,0,0,2,753,176,577,39,0,39,188,15,133,2,38,
3173081004,DKI JAKARTA,JAKARTA BARAT,KEMBANGAN,SRENGSENG,293,1,41,3,248,1,0,0,0,1,5,0,0,5,817,92,725,20,0,20,185,8,131,4,42,
3174091002,DKI JAKARTA,JAKARTA SELATAN,JAGAKARSA,SRENGSENG SAWAH,519,5,36,0,478,8,0,0,0,8,10,0,0,10,571,58,513,24,0,24,131,3,98,7,23,
3173051003,DKI JAKARTA,JAKARTA BARAT,KEBON JERUK,SUKABUMI SELATAN,210,1,27,4,178,0,0,0,0,0,1,0,0,1,464,67,397,23,0,23,112,2,82,4,24,
3173051002,DKI JAKARTA,JAKARTA BARAT,KEBON JERUK,SUKABUMI UTARA,200,5,26,3,166,0,0,0,0,0,19,0,0,19,479,61,418,42,0,42,110,7,79,5,19,
3172041002,DKI JAKARTA,JAKARTA UTARA,CILINCING,SUKAPURA,452,15,38,2,397,0,0,0,0,0,5,0,0,5,778,44,734,77,0,77,248,12,199,4,33,
3171031007,DKI JAKARTA,JAKARTA PUSAT,KEMAYORAN,SUMUR BATU,282,11,15,1,255,1,0,0,0,1,5,0,0,5,391,62,329,22,0,22,157,4,86,2,65,
3172021004,DKI JAKARTA,JAKARTA UTARA,TANJUNG PRIOK,SUNGAI BAMBU,221,3,16,0,202,0,0,0,0,0,6,0,0,6,478,66,412,32,0,32,111,8,80,4,19,
3172021006,DKI JAKARTA,JAKARTA UTARA,TANJUNG PRIOK,SUNTER AGUNG,715,8,59,1,647,2,0,0,0,2,19,0,1,18,1549,96,1453,65,0,65,398,14,335,14,35,
3172021002,DKI JAKARTA,JAKARTA UTARA,TANJUNG PRIOK,SUNTER JAYA,616,17,48,6,545,0,0,0,0,0,8,0,0,8,1209,116,1093,153,0,153,360,15,274,17,54,
3175091004,DKI JAKARTA,JAKARTA TIMUR,CIRACAS,SUSUKAN,289,7,65,1,216,0,0,0,0,0,16,0,0,16,962,49,913,69,0,69,84,3,63,3,15,
3173031001,DKI JAKARTA,JAKARTA BARAT,TAMAN SARI,TAMAN SARI,215,7,45,0,163,2,0,0,0,2,0,0,0,0,293,50,243,11,0,11,109,5,85,3,16,
3173041001,DKI JAKARTA,JAKARTA BARAT,TAMBORA,TAMBORA,151,0,13,3,135,0,0,0,0,0,1,0,1,0,246,6,240,2,0,2,53,3,40,2,8,
3173041004,DKI JAKARTA,JAKARTA BARAT,TAMBORA,TANAH SEREAL,235,2,10,2,221,1,0,0,0,1,4,0,0,4,209,6,203,3,0,3,121,8,99,6,8,
3171081004,DKI JAKARTA,JAKARTA PUSAT,JOHAR BARU,TANAH TINGGI,340,8,8,3,321,1,0,0,0,1,2,0,0,2,705,23,682,31,0,31,321,6,214,17,84,
3173031004,DKI JAKARTA,JAKARTA BARAT,TAMAN SARI,TANGKI,194,0,26,1,167,1,0,0,0,1,3,0,0,3,239,13,226,2,0,2,71,4,54,1,12,
3174091005,DKI JAKARTA,JAKARTA SELATAN,JAGAKARSA,TANJUNG BARAT,416,7,22,1,386,1,0,0,0,1,2,0,0,2,355,39,316,11,0,11,146,11,107,3,25,
3173021005,DKI JAKARTA,JAKARTA BARAT,GROGOL PETAMBURAN,TANJUNG DUREN SELATAN,297,2,28,1,266,0,0,0,0,0,19,0,0,19,489,55,434,19,0,19,188,16,135,7,30,
3173021002,DKI JAKARTA,JAKARTA BARAT,GROGOL PETAMBURAN,TANJUNG DUREN UTARA,210,1,11,0,198,1,0,0,0,1,20,0,0,20,381,24,357,18,0,18,73,5,52,4,12,
3172021001,DKI JAKARTA,JAKARTA UTARA,TANJUNG PRIOK,TANJUNG PRIOK,364,15,40,6,303,0,0,0,0,0,10,0,0,10,584,63,521,50,0,50,245,11,204,8,22,
3174011002,DKI JAKARTA,JAKARTA SELATAN,TEBET,TEBET BARAT,336,1,26,0,309,1,0,0,0,1,8,0,0,8,499,40,459,22,0,22,225,6,195,3,21,
3174011001,DKI JAKARTA,JAKARTA SELATAN,TEBET,TEBET TIMUR,262,6,40,2,214,0,0,0,0,0,6,0,0,6,416,48,368,28,0,28,91,9,57,3,22,
3173061003,DKI JAKARTA,JAKARTA BARAT,KALI DERES,TEGAL ALUR,497,3,24,6,464,0,0,0,0,0,7,0,4,3,929,102,827,9,0,9,119,3,99,3,14,
3174031004,DKI JAKARTA,JAKARTA SELATAN,MAMPANG PRAPATAN,TEGAL PARANG,239,1,18,3,217,5,0,0,1,4,4,0,1,3,743,77,666,10,0,10,185,7,145,4,29,
3173021003,DKI JAKARTA,JAKARTA BARAT,GROGOL PETAMBURAN,TOMANG,321,0,21,2,298,0,0,0,0,0,14,0,0,14,544,48,496,74,0,74,174,7,155,3,9,
3172031005,DKI JAKARTA,JAKARTA UTARA,KOJA,TUGU SELATAN,299,6,14,1,278,0,0,0,0,0,1,0,0,1,361,32,329,63,0,63,148,8,118,5,17,
3172031002,DKI JAKARTA,JAKARTA UTARA,KOJA,TUGU UTARA,663,12,34,0,617,3,0,0,0,3,7,0,0,7,668,46,622,75,0,75,261,4,192,6,59,
3175061006,DKI JAKARTA,JAKARTA TIMUR,CAKUNG,UJUNG MENTENG,108,2,11,2,93,1,0,0,0,1,0,0,0,0,332,50,282,18,0,18,75,5,53,3,14,
3174101005,DKI JAKARTA,JAKARTA SELATAN,PESANGGRAHAN,ULUJAMI,441,2,16,2,421,0,0,0,0,0,0,0,0,0,947,69,878,26,0,26,140,3,114,4,19,
3175011006,DKI JAKARTA,JAKARTA TIMUR,MATRAMAN,UTAN KAYU SELATAN,367,6,19,8,334,2,0,0,0,2,2,0,0,2,635,62,573,82,0,82,178,7,144,6,21,
3175011002,DKI JAKARTA,JAKARTA TIMUR,MATRAMAN,UTAN KAYU UTARA,293,4,26,0,263,2,0,0,0,2,2,0,0,2,498,63,435,41,0,41,135,6,102,4,23,
3171031008,DKI JAKARTA,JAKARTA PUSAT,KEMAYORAN,UTAN PANJANG,290,3,25,2,260,0,0,0,0,0,2,0,0,2,329,45,284,19,0,19,162,4,85,7,66,
3172021007,DKI JAKARTA,JAKARTA UTARA,TANJUNG PRIOK,WARAKAS,324,6,46,2,270,0,0,0,0,0,9,0,0,9,681,79,602,47,0,47,189,5,152,4,28,
3173021007,DKI JAKARTA,JAKARTA BARAT,GROGOL PETAMBURAN,WIJAYA KUSUMA,278,0,18,2,258,0,0,0,0,0,7,0,0,7,611,22,589,22,0,22,137,2,103,5,27,
