id_kel,nama_provinsi,nama_kota,nama_kecamatan,nama_kelurahan,suspek,perawatan_rs,isolasi_di_rumah,suspek_meninggal,selesai_isolasi,probable,perawatan_rs,isolasi_di_rumah,probable_meninggal,selesai_isolasi,pelaku_perjalanan,perawatan_rs,isolasi_di_rumah,selesai_isolasi,kontak_erat,isolasi_di_rumah,selesai_isolasi,discarded,meninggal,selesai_isolasi,positif,dirawat,sembuh,meninggal,self_isolation,keterangan
3172051003,DKI JAKARTA,JAKARTA UTARA,PADEMANGAN,ANCOL,349,0,51,0,298,4,1,0,0,3,9,0,1,8,488,33,455,6,0,6,166,5,126,2,33,
3173041007,DKI JAKARTA,JAKARTA BARAT,TAMBORA,ANGKE,319,2,21,2,294,1,0,0,1,0,0,0,0,0,411,10,401,25,0,25,110,2,95,2,11,
3175041005,DKI JAKARTA,JAKARTA TIMUR,KRAMAT JATI,BALE KAMBANG,189,6,15,1,167,1,0,0,0,1,5,0,0,5,377,28,349,23,0,23,90,6,72,1,11,
3175031003,DKI JAKARTA,JAKARTA TIMUR,JATINEGARA,BALI MESTER,78,0,13,1,64,0,0,0,0,0,0,0,0,0,83,18,65,3,0,3,20,2,14,1,3,
3175101006,DKI JAKARTA,JAKARTA TIMUR,CIPAYUNG,BAMBU APUS,226,9,23,1,193,0,0,0,0,0,3,0,0,3,354,64,290,16,0,16,82,7,68,1,6,
3174031002,DKI JAKARTA,JAKARTA SELATAN,MAMPANG PRAPATAN,BANGKA,162,8,26,2,126,4,0,0,1,3,18,0,0,18,512,46,466,8,0,8,100,6,74,2,18,
3175051002,DKI JAKARTA,JAKARTA TIMUR,PASAR REBO,BARU,206,2,19,1,184,0,0,0,0,0,4,0,0,4,295,34,261,15,0,15,74,3,61,0,10,
3175041004,DKI JAKARTA,JAKARTA TIMUR,KRAMAT JATI,BATU AMPAR,309,4,24,1,280,2,0,0,0,2,2,0,0,2,659,72,587,25,0,25,117,11,78,3,25,
3171071002,DKI JAKARTA,JAKARTA PUSAT,TANAH ABANG,BENDUNGAN HILIR,305,5,14,0,286,0,0,0,0,0,3,0,0,3,370,25,345,8,0,8,96,15,70,2,9,
3175031002,DKI JAKARTA,JAKARTA TIMUR,JATINEGARA,BIDARA CINA,225,4,18,3,200,0,0,0,0,0,1,0,0,1,277,33,244,29,0,29,172,2,126,9,35,
3174101002,DKI JAKARTA,JAKARTA SELATAN,PESANGGRAHAN,BINTARO,524,5,29,2,488,4,0,0,0,4,9,0,1,8,1083,84,999,22,0,22,154,5,114,6,29,
3174011005,DKI JAKARTA,JAKARTA SELATAN,TEBET,BUKIT DURI,242,2,79,3,158,1,0,0,0,1,13,0,0,13,400,31,369,12,0,12,95,6,56,7,26,
3171041006,DKI JAKARTA,JAKARTA PUSAT,SENEN,BUNGUR,167,5,12,2,148,1,0,0,0,1,13,0,0,13,429,21,408,9,0,9,109,8,90,2,9,
3175061007,DKI JAKARTA,JAKARTA TIMUR,CAKUNG,CAKUNG BARAT,189,11,20,1,157,0,0,0,0,0,0,0,0,0,487,29,458,38,0,38,125,2,98,2,23,
3175061004,DKI JAKARTA,JAKARTA TIMUR,CAKUNG,CAKUNG TIMUR,232,6,30,2,194,2,0,0,1,1,5,0,2,3,540,63,477,30,0,30,130,11,97,1,21,
3175041007,DKI JAKARTA,JAKARTA TIMUR,KRAMAT JATI,CAWANG,202,7,24,0,171,1,0,0,0,1,4,0,0,4,469,50,419,14,0,14,118,10,87,3,18,
3175101008,DKI JAKARTA,JAKARTA TIMUR,CIPAYUNG,CEGER,138,0,13,0,125,0,0,0,0,0,0,0,0,0,198,57,141,8,0,8,48,11,24,0,13,
3171031006,DKI JAKARTA,JAKARTA PUSAT,KEMAYORAN,CEMPAKA BARU,428,9,26,2,391,1,0,0,0,1,7,0,0,7,558,111,447,31,0,31,229,7,194,12,16,
3171051002,DKI JAKARTA,JAKARTA PUSAT,CEMPAKA PUTIH,CEMPAKA PUTIH BARAT,667,14,20,2,631,2,0,0,0,2,11,0,2,9,1471,85,1386,46,0,46,444,15,360,10,59,
3171051001,DKI JAKARTA,JAKARTA PUSAT,CEMPAKA PUTIH,CEMPAKA PUTIH TIMUR,448,8,15,1,424,0,0,0,0,0,9,0,0,9,1056,55,1001,51,0,51,252,7,197,3,45,
3173011001,DKI JAKARTA,JAKARTA BARAT,CENGKARENG,CENGKARENG BARAT,383,7,60,1,315,0,0,0,0,0,5,0,0,5,909,152,757,11,0,11,193,24,119,4,46,
3173011006,DKI JAKARTA,JAKARTA BARAT,CENGKARENG,CENGKARENG TIMUR,543,8,87,7,441,1,0,0,0,1,4,0,1,3,1191,254,937,14,0,14,336,19,236,9,72,
3175091002,DKI JAKARTA,JAKARTA TIMUR,CIRACAS,CIBUBUR,530,11,57,4,458,1,0,0,0,1,30,0,0,30,1515,88,1427,82,0,82,166,8,124,4,30,
3171011002,DKI JAKARTA,JAKARTA PUSAT,GAMBIR,CIDENG,206,1,12,2,191,0,0,0,0,0,8,0,0,8,415,44,371,12,0,12,130,6,99,5,20,
3174091003,DKI JAKARTA,JAKARTA SELATAN,JAGAKARSA,CIGANJUR,490,3,20,1,466,2,0,0,0,2,11,0,1,10,398,53,345,10,0,10,90,3,72,4,11,
3175051003,DKI JAKARTA,JAKARTA TIMUR,PASAR REBO,CIJANTUNG,444,4,33,3,404,0,0,0,0,0,1,0,0,1,394,25,369,8,0,8,134,6,106,5,17,
3171061003,DKI JAKARTA,JAKARTA PUSAT,MENTENG,CIKINI,100,1,4,0,95,0,0,0,0,0,0,0,0,0,160,12,148,11,0,11,28,3,22,2,1,
3174081006,DKI JAKARTA,JAKARTA SELATAN,PANCORAN,CIKOKO,143,4,1,0,138,1,0,0,0,1,10,0,0,10,225,15,210,0,0,0,46,6,33,1,6,
3174061001,DKI JAKARTA,JAKARTA SELATAN,CILANDAK,CILANDAK BARAT,571,12,100,5,454,1,0,0,0,1,95,0,1,94,926,186,740,36,0,36,157,3,129,5,20,
3174041003,DKI JAKARTA,JAKARTA SELATAN,PASAR MINGGU,CILANDAK TIMUR,292,14,59,1,218,4,1,0,0,3,17,0,0,17,298,26,272,86,0,86,168,7,133,5,23,
3175101002,DKI JAKARTA,JAKARTA TIMUR,CIPAYUNG,CILANGKAP,218,1,14,1,202,1,1,0,0,0,2,0,0,2,365,85,280,18,0,18,93,9,65,0,19,
3175041006,DKI JAKARTA,JAKARTA TIMUR,KRAMAT JATI,CILILITAN,205,4,26,1,174,0,0,0,0,0,5,0,0,5,562,65,497,42,0,42,136,10,103,3,20,
3172041001,DKI JAKARTA,JAKARTA UTARA,CILINCING,CILINCING,372,8,43,1,320,0,0,0,0,0,6,0,1,5,997,45,952,69,0,69,269,6,237,5,21,
3175101001,DKI JAKARTA,JAKARTA TIMUR,CIPAYUNG,CIPAYUNG,311,13,37,2,259,2,1,0,1,0,5,0,1,4,349,65,284,21,0,21,120,6,92,2,20,
3174091006,DKI JAKARTA,JAKARTA SELATAN,JAGAKARSA,CIPEDAK,410,3,23,0,384,2,0,0,0,2,0,0,0,0,309,44,265,6,0,6,87,4,62,1,20,
3174061005,DKI JAKARTA,JAKARTA SELATAN,CILANDAK,CIPETE SELATAN,180,3,18,1,158,2,0,0,0,2,44,0,0,44,285,29,256,6,0,6,48,2,28,6,12,
3174071010,DKI JAKARTA,JAKARTA SELATAN,KEBAYORAN BARU,CIPETE UTARA,380,4,43,3,330,0,0,0,0,0,9,0,0,9,346,16,330,5,0,5,82,5,56,3,18,
3175021003,DKI JAKARTA,JAKARTA TIMUR,PULO GADUNG,CIPINANG,207,2,31,2,172,0,0,0,0,0,3,0,0,3,653,72,581,33,0,33,189,15,149,6,19,
3175031007,DKI JAKARTA,JAKARTA TIMUR,JATINEGARA,CIPINANG BESAR SELATAN,170,5,9,2,154,2,0,0,0,2,1,0,0,1,291,38,253,12,0,12,88,5,61,1,21,
3175031008,DKI JAKARTA,JAKARTA TIMUR,JATINEGARA,CIPINANG BESAR UTARA,251,23,44,0,184,1,0,0,0,1,3,0,0,3,437,72,365,16,0,16,165,6,90,3,66,
3175031005,DKI JAKARTA,JAKARTA TIMUR,JATINEGARA,CIPINANG CEMPEDAK,171,0,16,2,153,0,0,0,0,0,2,0,0,2,266,43,223,11,0,11,69,4,48,1,16,
3175081005,DKI JAKARTA,JAKARTA TIMUR,MAKASAR,CIPINANG MELAYU,230,7,11,2,210,1,0,0,0,1,3,0,0,3,532,65,467,17,0,17,150,10,107,5,28,
3175031006,DKI JAKARTA,JAKARTA TIMUR,JATINEGARA,CIPINANG MUARA,255,7,25,1,222,4,0,0,0,4,5,0,0,5,556,115,441,24,0,24,162,6,114,3,39,
3174051003,DKI JAKARTA,JAKARTA SELATAN,KEBAYORAN LAMA,CIPULIR,207,6,14,4,183,4,0,0,0,4,6,0,0,6,436,21,415,5,0,5,126,4,102,4,16,
3175091001,DKI JAKARTA,JAKARTA TIMUR,CIRACAS,CIRACAS,504,6,60,9,429,3,2,0,0,1,22,0,0,22,1208,63,1145,43,0,43,246,20,155,7,64,
3175041003,DKI JAKARTA,JAKARTA TIMUR,KRAMAT JATI,DUKUH,173,7,23,1,142,0,0,0,0,0,1,0,0,1,408,63,345,13,0,13,81,4,58,1,18,
3175071001,DKI JAKARTA,JAKARTA TIMUR,DUREN SAWIT,DUREN SAWIT,662,14,40,3,605,14,2,0,0,12,2,0,0,2,716,74,642,23,0,23,348,13,273,9,53,
3174081004,DKI JAKARTA,JAKARTA SELATAN,PANCORAN,DUREN TIGA,273,6,12,0,255,2,0,0,0,2,3,0,0,3,432,30,402,2,0,2,80,10,53,0,17,
3173051005,DKI JAKARTA,JAKARTA BARAT,KEBON JERUK,DURI KEPA,322,5,40,2,275,3,0,0,0,3,12,0,0,12,893,105,788,66,0,66,228,19,170,8,31,
3173011002,DKI JAKARTA,JAKARTA BARAT,CENGKARENG,DURI KOSAMBI,360,5,42,3,310,0,0,0,0,0,4,0,0,4,708,129,579,10,0,10,171,16,115,4,36,
3171011006,DKI JAKARTA,JAKARTA PUSAT,GAMBIR,DURI PULO,128,1,13,3,111,0,0,0,0,0,0,0,0,0,277,30,247,7,0,7,100,9,78,4,9,
3173041011,DKI JAKARTA,JAKARTA BARAT,TAMBORA,DURI SELATAN,96,0,2,1,93,0,0,0,0,0,2,0,0,2,114,10,104,4,0,4,53,2,44,3,4,
3173041003,DKI JAKARTA,JAKARTA BARAT,TAMBORA,DURI UTARA,137,0,12,2,123,1,1,0,0,0,1,0,0,1,168,12,156,2,0,2,75,2,62,3,8,
3171081003,DKI JAKARTA,JAKARTA PUSAT,JOHAR BARU,GALUR,143,2,6,0,135,2,1,0,0,1,2,0,0,2,339,17,322,44,0,44,160,4,105,9,42,
3171011001,DKI JAKARTA,JAKARTA PUSAT,GAMBIR,GAMBIR,67,1,6,0,60,1,0,0,0,1,17,0,0,17,245,22,223,6,0,6,123,2,84,0,37,
3174061004,DKI JAKARTA,JAKARTA SELATAN,CILANDAK,GANDARIA SELATAN,142,7,10,0,125,2,0,0,0,2,20,0,0,20,496,49,447,2,0,2,79,4,66,3,6,
3174071009,DKI JAKARTA,JAKARTA SELATAN,KEBAYORAN BARU,GANDARIA UTARA,353,7,67,2,277,0,0,0,0,0,3,0,0,3,459,32,427,5,0,5,103,3,81,3,16,
3175051001,DKI JAKARTA,JAKARTA TIMUR,PASAR REBO,GEDONG,524,8,27,0,489,0,0,0,0,0,4,0,0,4,251,24,227,24,0,24,125,12,101,2,10,
3171071001,DKI JAKARTA,JAKARTA PUSAT,TANAH ABANG,GELORA,47,0,1,1,45,0,0,0,0,0,5,0,0,5,95,20,75,0,0,0,81,0,53,2,26,
3173031007,DKI JAKARTA,JAKARTA BARAT,TAMAN SARI,GLODOK,77,1,11,0,65,0,0,0,0,0,1,0,0,1,116,6,110,0,0,0,16,0,10,1,5,
3171061004,DKI JAKARTA,JAKARTA PUSAT,MENTENG,GONDANGDIA,46,0,3,1,42,0,0,0,0,0,4,0,0,4,99,12,87,7,0,7,44,2,30,3,9,
3173021001,DKI JAKARTA,JAKARTA BARAT,GROGOL PETAMBURAN,GROGOL,289,4,36,4,245,1,0,0,0,1,39,0,0,39,603,85,518,32,0,32,112,7,84,0,21,
3174051005,DKI JAKARTA,JAKARTA SELATAN,KEBAYORAN LAMA,GROGOL SELATAN,232,5,16,5,206,0,0,0,0,0,12,0,0,12,476,29,447,5,0,5,126,6,93,5,22,
3174051004,DKI JAKARTA,JAKARTA SELATAN,KEBAYORAN LAMA,GROGOL UTARA,263,3,17,4,239,0,0,0,0,0,24,0,0,24,477,25,452,15,0,15,181,9,138,7,27,
3174021007,DKI JAKARTA,JAKARTA SELATAN,SETIA BUDI,GUNTUR,44,0,3,0,41,0,0,0,0,0,1,0,0,1,128,10,118,1,0,1,21,0,19,0,2,
3174071002,DKI JAKARTA,JAKARTA SELATAN,KEBAYORAN BARU,GUNUNG,192,1,55,3,133,0,0,0,0,0,7,0,0,7,275,15,260,0,0,0,52,1,35,2,14,
3171031005,DKI JAKARTA,JAKARTA PUSAT,KEMAYORAN,GUNUNG SAHARI SELATAN,217,6,21,1,189,0,0,0,0,0,2,0,0,2,304,37,267,1,0,1,89,3,60,3,23,
3171021004,DKI JAKARTA,JAKARTA PUSAT,SAWAH BESAR,GUNUNG SAHARI UTARA,193,7,7,1,178,0,0,0,0,0,5,0,0,5,397,42,355,8,0,8,115,7,66,7,35,
3175081004,DKI JAKARTA,JAKARTA TIMUR,MAKASAR,HALIM PERDANA KUSUMAH,154,7,9,2,136,0,0,0,0,0,5,0,1,4,372,63,309,9,0,9,190,15,140,4,31,
3171031003,DKI JAKARTA,JAKARTA PUSAT,KEMAYORAN,HARAPAN MULIA,254,2,13,3,236,0,0,0,0,0,6,0,0,6,357,38,319,28,0,28,166,12,129,7,18,
3174091001,DKI JAKARTA,JAKARTA SELATAN,JAGAKARSA,JAGAKARSA,670,18,56,2,594,7,2,0,0,5,7,0,0,7,691,116,575,17,0,17,217,6,159,3,49,
3175021007,DKI JAKARTA,JAKARTA TIMUR,PULO GADUNG,JATI,263,12,31,1,219,0,0,0,0,0,7,0,0,7,689,67,622,28,0,28,164,5,140,1,18,
3174041002,DKI JAKARTA,JAKARTA SELATAN,PASAR MINGGU,JATI PADANG,313,6,64,2,241,0,0,0,0,0,3,0,0,3,455,48,407,66,0,66,86,5,63,3,15,
3173071004,DKI JAKARTA,JAKARTA BARAT,PALMERAH,JATI PULO,359,3,51,4,301,1,0,0,0,1,3,0,0,3,572,51,521,61,0,61,191,14,152,2,23,
3175061001,DKI JAKARTA,JAKARTA TIMUR,CAKUNG,JATINEGARA,346,6,47,3,290,1,0,0,0,1,3,0,1,2,897,130,767,39,0,39,237,14,164,6,53,
3175021004,DKI JAKARTA,JAKARTA TIMUR,PULO GADUNG,JATINEGARA KAUM,75,2,16,0,57,1,0,0,1,0,3,0,0,3,229,25,204,7,0,7,42,6,22,1,13,
3173021004,DKI JAKARTA,JAKARTA BARAT,GROGOL PETAMBURAN,JELAMBAR,283,2,37,5,239,2,0,0,0,2,24,0,0,24,570,31,539,11,0,11,122,8,100,5,9,
3173021006,DKI JAKARTA,JAKARTA BARAT,GROGOL PETAMBURAN,JELAMBAR BARU,282,2,19,2,259,2,0,0,0,2,4,0,0,4,468,31,437,18,0,18,86,11,58,3,14,
3173041006,DKI JAKARTA,JAKARTA BARAT,TAMBORA,JEMBATAN BESI,459,4,19,1,435,0,0,0,0,0,4,0,0,4,419,15,404,7,0,7,168,6,142,6,14,
3173041008,DKI JAKARTA,JAKARTA BARAT,TAMBORA,JEMBATAN LIMA,141,0,13,0,128,0,0,0,0,0,0,0,0,0,167,9,158,1,0,1,63,7,38,4,14,
3173081005,DKI JAKARTA,JAKARTA BARAT,KEMBANGAN,JOGLO,241,5,44,4,188,0,0,0,0,0,4,0,0,4,437,85,352,12,0,12,110,16,67,1,26,
3171081001,DKI JAKARTA,JAKARTA PUSAT,JOHAR BARU,JOHAR BARU,445,8,14,3,420,1,0,0,0,1,4,0,1,3,1260,56,1204,94,0,94,335,7,283,12,33,
3173041002,DKI JAKARTA,JAKARTA BARAT,TAMBORA,KALI ANYAR,275,3,12,0,260,1,0,0,0,1,3,0,0,3,304,9,295,10,0,10,132,10,105,4,13,
3172041004,DKI JAKARTA,JAKARTA UTARA,CILINCING,KALI BARU,326,19,28,5,274,0,0,0,0,0,4,0,0,4,564,30,534,35,0,35,226,6,190,7,23,
3174081002,DKI JAKARTA,JAKARTA SELATAN,PANCORAN,KALIBATA,376,11,21,4,340,6,1,0,0,5,11,0,1,10,595,67,528,12,0,12,209,7,157,2,43,
3173061001,DKI JAKARTA,JAKARTA BARAT,KALI DERES,KALIDERES,752,17,56,4,675,1,0,0,0,1,5,0,0,5,1717,157,1560,29,0,29,222,28,163,4,27,
3175051004,DKI JAKARTA,JAKARTA TIMUR,PASAR REBO,KALISARI,664,10,65,0,589,0,0,0,0,0,3,0,0,3,344,59,285,9,0,9,121,9,90,3,19,
3173061004,DKI JAKARTA,JAKARTA BARAT,KALI DERES,KAMAL,257,7,16,3,231,0,0,0,0,0,1,0,0,1,445,58,387,4,0,4,33,4,23,3,3,
3172011002,DKI JAKARTA,JAKARTA UTARA,PENJARINGAN,KAMAL MUARA,63,5,6,0,52,0,0,0,0,0,4,0,0,4,120,21,99,0,0,0,59,13,39,2,5,
3171071007,DKI JAKARTA,JAKARTA PUSAT,TANAH ABANG,KAMPUNG BALI,114,0,1,2,111,1,0,0,0,1,2,0,0,2,153,11,142,2,0,2,45,8,31,2,4,
3175031001,DKI JAKARTA,JAKARTA TIMUR,JATINEGARA,KAMPUNG MELAYU,154,1,20,5,128,2,1,0,0,1,4,0,0,4,169,13,156,4,0,4,127,8,100,3,16,
3171081002,DKI JAKARTA,JAKARTA PUSAT,JOHAR BARU,KAMPUNG RAWA,227,4,2,0,221,1,0,0,0,1,0,0,0,0,522,21,501,63,0,63,210,6,163,13,28,
3175041002,DKI JAKARTA,JAKARTA TIMUR,KRAMAT JATI,KAMPUNG TENGAH,388,5,15,1,367,1,0,0,0,1,9,0,1,8,866,59,807,49,0,49,205,9,167,10,19,
3173011005,DKI JAKARTA,JAKARTA BARAT,CENGKARENG,KAPUK,485,7,63,16,399,1,1,0,0,0,10,0,1,9,1046,150,896,12,0,12,268,38,172,8,50,
3172011003,DKI JAKARTA,JAKARTA UTARA,PENJARINGAN,KAPUK MUARA,144,0,16,0,128,0,0,0,0,0,9,0,0,9,349,43,306,20,0,20,93,8,75,6,4,
3171021002,DKI JAKARTA,JAKARTA PUSAT,SAWAH BESAR,KARANG ANYAR,353,3,12,5,333,1,0,0,0,1,4,0,0,4,695,48,647,8,0,8,139,12,99,5,23,
3174021004,DKI JAKARTA,JAKARTA SELATAN,SETIA BUDI,KARET,97,2,4,0,91,0,0,0,0,0,10,0,0,10,293,12,281,4,0,4,48,2,42,0,4,
3174021003,DKI JAKARTA,JAKARTA SELATAN,SETIA BUDI,KARET KUNINGAN,154,1,10,1,142,0,0,0,0,0,21,0,0,21,273,25,248,4,0,4,62,10,38,2,12,
3174021002,DKI JAKARTA,JAKARTA SELATAN,SETIA BUDI,KARET SEMANGGI,43,0,0,1,42,0,0,0,0,0,3,0,0,3,69,3,66,0,0,0,17,3,9,2,3,
3171071003,DKI JAKARTA,JAKARTA PUSAT,TANAH ABANG,KARET TENGSIN,188,2,4,0,182,0,0,0,0,0,7,0,0,7,239,24,215,0,0,0,95,9,51,1,34,
3171021003,DKI JAKARTA,JAKARTA PUSAT,SAWAH BESAR,KARTINI,247,0,19,1,227,1,0,0,0,1,0,0,0,0,505,43,462,16,0,16,159,4,122,4,29,
3175011003,DKI JAKARTA,JAKARTA TIMUR,MATRAMAN,KAYU MANIS,236,8,8,0,220,3,2,0,0,1,0,0,0,0,517,29,488,25,0,25,115,6,80,4,25,
3175021006,DKI JAKARTA,JAKARTA TIMUR,PULO GADUNG,KAYU PUTIH,327,6,28,4,289,1,0,0,1,0,11,0,0,11,830,48,782,32,0,32,195,14,153,5,23,
3173031006,DKI JAKARTA,JAKARTA BARAT,TAMAN SARI,KEAGUNGAN,232,1,29,0,202,0,0,0,0,0,2,0,0,2,399,76,323,9,0,9,113,2,78,1,32,
3174041007,DKI JAKARTA,JAKARTA SELATAN,PASAR MINGGU,KEBAGUSAN,400,4,54,1,341,2,0,0,0,2,2,0,0,2,555,37,518,39,0,39,102,6,74,0,22,
3174051006,DKI JAKARTA,JAKARTA SELATAN,KEBAYORAN LAMA,KEBAYORAN LAMA SELATAN,364,5,26,0,333,4,0,0,0,4,2,0,0,2,657,29,628,12,0,12,143,7,101,4,31,
3174051001,DKI JAKARTA,JAKARTA SELATAN,KEBAYORAN LAMA,KEBAYORAN LAMA UTARA,259,7,19,1,232,1,0,0,0,1,15,0,0,15,391,24,367,3,0,3,95,4,63,3,25,
3174011004,DKI JAKARTA,JAKARTA SELATAN,TEBET,KEBON BARU,242,3,50,2,187,0,0,0,0,0,15,0,0,15,473,31,442,17,0,17,104,5,79,0,20,
3172021005,DKI JAKARTA,JAKARTA UTARA,TANJUNG PRIOK,KEBON BAWANG,485,10,40,1,434,0,0,0,0,0,13,0,0,13,903,132,771,57,0,57,286,9,239,3,35,
3173051001,DKI JAKARTA,JAKARTA BARAT,KEBON JERUK,KEBON JERUK,419,3,43,6,367,2,1,0,0,1,13,0,0,13,1316,162,1154,56,0,56,262,13,202,13,34,
3171071006,DKI JAKARTA,JAKARTA PUSAT,TANAH ABANG,KEBON KACANG,380,1,11,1,367,1,0,0,0,1,0,0,0,0,353,11,342,4,0,4,233,4,195,10,24,
3171011005,DKI JAKARTA,JAKARTA PUSAT,GAMBIR,KEBON KELAPA,105,1,6,1,97,3,1,0,0,2,2,0,1,1,185,34,151,1,0,1,53,4,34,1,14,
3171031002,DKI JAKARTA,JAKARTA PUSAT,KEMAYORAN,KEBON KOSONG,277,3,25,5,244,0,0,0,0,0,7,0,0,7,331,42,289,30,0,30,162,4,121,7,30,
3175011005,DKI JAKARTA,JAKARTA TIMUR,MATRAMAN,KEBON MANGGIS,133,1,17,4,111,0,0,0,0,0,2,0,1,1,199,54,145,20,0,20,104,2,87,2,13,
3171071005,DKI JAKARTA,JAKARTA PUSAT,TANAH ABANG,KEBON MELATI,393,2,7,3,381,0,0,0,0,0,5,0,0,5,468,18,450,7,0,7,354,19,258,7,70,
3175081003,DKI JAKARTA,JAKARTA TIMUR,MAKASAR,KEBON PALA,177,4,16,1,156,0,0,0,0,0,4,0,0,4,734,115,619,14,0,14,176,12,124,2,38,
3171061005,DKI JAKARTA,JAKARTA PUSAT,MENTENG,KEBON SIRIH,121,0,14,2,105,0,0,0,0,0,2,0,0,2,254,12,242,14,0,14,108,1,86,2,19,
3173011004,DKI JAKARTA,JAKARTA BARAT,CENGKARENG,KEDAUNG KALI ANGKE,298,2,81,0,215,0,0,0,0,0,1,0,0,1,334,69,265,5,0,5,184,20,123,3,38,
3173051007,DKI JAKARTA,JAKARTA BARAT,KEBON JERUK,KEDOYA SELATAN,213,3,22,5,183,2,0,0,0,2,6,0,0,6,428,55,373,18,0,18,101,8,73,4,16,
3173051006,DKI JAKARTA,JAKARTA BARAT,KEBON JERUK,KEDOYA UTARA,203,6,32,2,163,1,0,0,0,1,15,0,0,15,599,87,512,18,0,18,133,21,92,3,17,
3173051004,DKI JAKARTA,JAKARTA BARAT,KEBON JERUK,KELAPA DUA,163,1,36,0,126,0,0,0,0,0,5,0,0,5,374,78,296,18,0,18,81,6,49,2,24,
3175091003,DKI JAKARTA,JAKARTA TIMUR,CIRACAS,KELAPA DUA WETAN,384,2,58,1,323,1,1,0,0,0,7,0,0,7,813,48,765,35,0,35,118,15,85,2,16,
3172061003,DKI JAKARTA,JAKARTA UTARA,KELAPA GADING,KELAPA GADING BARAT,643,16,79,3,545,2,1,0,0,1,45,0,0,45,1064,93,971,73,0,73,275,16,220,5,34,
3172061001,DKI JAKARTA,JAKARTA UTARA,KELAPA GADING,KELAPA GADING TIMUR,534,17,47,2,468,1,0,0,0,1,20,0,2,18,1030,87,943,45,0,45,148,11,110,8,19,
3173071005,DKI JAKARTA,JAKARTA BARAT,PALMERAH,KEMANGGISAN,401,4,50,6,341,0,0,0,0,0,8,0,0,8,662,91,571,49,0,49,175,11,137,5,22,
3171031001,DKI JAKARTA,JAKARTA PUSAT,KEMAYORAN,KEMAYORAN,288,7,17,3,261,0,0,0,0,0,0,0,0,0,436,43,393,20,0,20,207,3,162,10,32,
3173081006,DKI JAKARTA,JAKARTA BARAT,KEMBANGAN,KEMBANGAN SELATAN,159,4,18,1,136,0,0,0,0,0,5,0,0,5,403,35,368,52,0,52,112,6,89,2,15,
3173081001,DKI JAKARTA,JAKARTA BARAT,KEMBANGAN,KEMBANGAN UTARA,364,6,61,3,294,4,2,0,1,1,3,0,1,2,1136,100,1036,10,0,10,165,11,110,4,40,
3171041002,DKI JAKARTA,JAKARTA PUSAT,SENEN,KENARI,161,1,13,1,146,1,0,0,0,1,1,0,1,0,376,26,350,44,0,44,145,4,137,2,2,
3173041005,DKI JAKARTA,JAKARTA BARAT,TAMBORA,KERENDANG,194,0,6,2,186,1,0,0,0,1,0,0,0,0,158,7,151,3,0,3,94,4,76,6,8,
3175071003,DKI JAKARTA,JAKARTA TIMUR,DUREN SAWIT,KLENDER,492,8,29,2,453,2,0,0,0,2,3,0,0,3,665,57,608,21,0,21,239,13,178,9,39,
3172031001,DKI JAKARTA,JAKARTA UTARA,KOJA,KOJA,234,2,13,0,219,0,0,0,0,0,4,0,0,4,374,22,352,34,0,34,176,0,147,5,24,
3173071006,DKI JAKARTA,JAKARTA BARAT,PALMERAH,KOTA BAMBU SELATAN,353,4,30,5,314,0,0,0,0,0,1,0,0,1,715,39,676,71,0,71,189,7,164,5,13,
3173071003,DKI JAKARTA,JAKARTA BARAT,PALMERAH,KOTA BAMBU UTARA,307,0,26,11,270,0,0,0,0,0,3,0,0,3,464,45,419,54,0,54,173,7,151,6,9,
3171041004,DKI JAKARTA,JAKARTA PUSAT,SENEN,KRAMAT,309,1,7,6,295,0,0,0,0,0,5,0,0,5,757,33,724,31,0,31,211,2,190,10,9,
3175041001,DKI JAKARTA,JAKARTA TIMUR,KRAMAT JATI,KRAMAT JATI,259,6,36,1,216,0,0,0,0,0,9,0,0,9,560,79,481,21,0,21,157,22,99,6,30,
3174071003,DKI JAKARTA,JAKARTA SELATAN,KEBAYORAN BARU,KRAMAT PELA,136,3,48,0,85,0,0,0,0,0,0,0,0,0,428,15,413,6,0,6,93,3,86,0,4,
3173031002,DKI JAKARTA,JAKARTA BARAT,TAMAN SARI,KRUKUT,190,5,41,6,138,0,0,0,0,0,3,0,0,3,313,47,266,11,0,11,98,8,59,4,27,
3174031005,DKI JAKARTA,JAKARTA SELATAN,MAMPANG PRAPATAN,KUNINGAN BARAT,86,1,4,1,80,0,0,0,0,0,0,0,0,0,373,75,298,5,0,5,39,2,14,0,23,
3174021008,DKI JAKARTA,JAKARTA SELATAN,SETIA BUDI,KUNINGAN TIMUR,96,2,11,1,82,1,0,0,0,1,20,0,0,20,113,10,103,1,0,1,47,2,40,2,3,
3171041005,DKI JAKARTA,JAKARTA PUSAT,SENEN,KWITANG,189,0,5,0,184,2,0,0,0,2,5,0,0,5,369,23,346,8,0,8,91,3,71,4,13,
3172031003,DKI JAKARTA,JAKARTA UTARA,KOJA,LAGOA,454,13,31,1,409,0,0,0,0,0,5,0,1,4,521,55,466,54,0,54,448,10,351,7,80,
3174061002,DKI JAKARTA,JAKARTA SELATAN,CILANDAK,LEBAK BULUS,250,5,31,2,212,3,0,0,0,3,27,0,0,27,482,80,402,21,0,21,129,6,82,8,33,
3174091004,DKI JAKARTA,JAKARTA SELATAN,JAGAKARSA,LENTENG AGUNG,466,8,27,0,431,3,1,0,0,2,6,0,0,6,416,62,354,11,0,11,124,6,89,0,29,
LUAR DKI JAKARTA,LUAR DKI JAKARTA,LUAR DKI JAKARTA,LUAR DKI JAKARTA,LUAR DKI JAKARTA,21296,727,2666,98,17805,54,3,0,0,51,528,0,62,466,30438,7333,23105,1264,0,1264,6974,613,5523,126,712,
3175101007,DKI JAKARTA,JAKARTA TIMUR,CIPAYUNG,LUBANG BUAYA,447,12,44,3,388,1,0,0,0,1,5,0,0,5,525,52,473,28,0,28,166,16,126,2,22,
3175081001,DKI JAKARTA,JAKARTA TIMUR,MAKASAR,MAKASAR,177,9,8,1,159,0,0,0,0,0,8,0,0,8,849,127,722,22,0,22,125,11,87,0,27,
3175071006,DKI JAKARTA,JAKARTA TIMUR,DUREN SAWIT,MALAKA JAYA,258,2,15,2,239,1,0,0,0,1,2,0,0,2,417,38,379,12,0,12,131,5,100,1,25,
3175071005,DKI JAKARTA,JAKARTA TIMUR,DUREN SAWIT,MALAKA SARI,226,2,13,1,210,0,0,0,0,0,0,0,0,0,322,44,278,9,0,9,113,6,70,3,34,
3174031001,DKI JAKARTA,JAKARTA SELATAN,MAMPANG PRAPATAN,MAMPANG PRAPATAN,226,13,15,2,196,0,0,0,0,0,0,0,0,0,816,84,732,9,0,9,195,8,131,7,49,
3173031005,DKI JAKARTA,JAKARTA BARAT,TAMAN SARI,MANGGA BESAR,96,0,14,1,81,0,0,0,0,0,0,0,0,0,132,7,125,3,0,3,38,6,21,1,10,
3171021005,DKI JAKARTA,JAKARTA PUSAT,SAWAH BESAR,MANGGA DUA SELATAN,247,1,25,1,220,2,0,0,0,2,1,0,0,1,639,43,596,9,0,9,139,4,107,2,26,
3174011007,DKI JAKARTA,JAKARTA SELATAN,TEBET,MANGGARAI,274,7,42,0,225,4,1,0,0,3,4,0,0,4,396,35,361,21,0,21,109,11,78,1,19,
3174011006,DKI JAKARTA,JAKARTA SELATAN,TEBET,MANGGARAI SELATAN,151,3,14,2,132,0,0,0,0,0,6,0,0,6,375,22,353,18,0,18,65,2,55,2,6,
3173031003,DKI JAKARTA,JAKARTA BARAT,TAMAN SARI,MAPHAR,164,0,30,1,133,0,0,0,0,0,6,0,0,6,296,32,264,36,0,36,152,5,133,1,13,
3172041003,DKI JAKARTA,JAKARTA UTARA,CILINCING,MARUNDA,207,7,20,0,180,2,0,0,0,2,0,0,0,0,298,16,282,12,0,12,80,6,62,1,11,
3174071001,DKI JAKARTA,JAKARTA SELATAN,KEBAYORAN BARU,MELAWAI,43,0,2,0,41,0,0,0,0,0,1,0,0,1,52,5,47,0,0,0,12,3,7,0,2,
3171061001,DKI JAKARTA,JAKARTA PUSAT,MENTENG,MENTENG,291,4,42,2,243,2,1,0,0,1,1,0,0,1,581,37,544,24,0,24,192,16,133,6,37,
3174021005,DKI JAKARTA,JAKARTA SELATAN,SETIA BUDI,MENTENG ATAS,259,2,19,3,235,1,0,0,0,1,45,0,0,45,980,59,921,35,0,35,137,5,120,2,10,
3174011003,DKI JAKARTA,JAKARTA SELATAN,TEBET,MENTENG DALAM,440,7,37,4,392,3,1,0,0,2,13,0,0,13,583,42,541,39,0,39,121,3,96,6,16,
3173081003,DKI JAKARTA,JAKARTA BARAT,KEMBANGAN,MERUYA SELATAN,222,5,45,1,171,0,0,0,0,0,2,0,0,2,511,128,383,15,0,15,110,6,76,3,25,
3173081002,DKI JAKARTA,JAKARTA BARAT,KEMBANGAN,MERUYA UTARA,326,6,75,6,239,1,0,0,1,0,7,0,1,6,690,131,559,10,0,10,128,7,90,1,30,
3175101004,DKI JAKARTA,JAKARTA TIMUR,CIPAYUNG,MUNJUL,179,5,20,0,154,0,0,0,0,0,2,0,0,2,217,33,184,23,0,23,57,5,45,0,7,
3172051002,DKI JAKARTA,JAKARTA UTARA,PADEMANGAN,PADEMANGAN BARAT,1531,7,192,5,1327,4,0,0,0,4,12,0,1,11,2190,115,2075,27,0,27,579,9,487,19,64,
3172051001,DKI JAKARTA,JAKARTA UTARA,PADEMANGAN,PADEMANGAN TIMUR,473,1,62,3,407,1,0,0,0,1,13,0,0,13,706,50,656,14,0,14,151,2,122,3,24,
3175011004,DKI JAKARTA,JAKARTA TIMUR,MATRAMAN,PAL MERIAM,176,3,7,2,164,1,0,0,0,1,2,0,0,2,479,36,443,58,0,58,141,5,106,6,24,
3173071001,DKI JAKARTA,JAKARTA BARAT,PALMERAH,PALMERAH,776,4,94,2,676,0,0,0,0,0,2,0,0,2,1345,171,1174,70,0,70,301,14,222,16,49,
3174081001,DKI JAKARTA,JAKARTA SELATAN,PANCORAN,PANCORAN,265,3,13,0,249,1,0,0,0,1,9,0,0,9,469,35,434,6,0,6,170,15,137,4,14,
3172021003,DKI JAKARTA,JAKARTA UTARA,TANJUNG PRIOK,PAPANGGO,302,9,56,0,237,1,0,0,0,1,5,0,0,5,643,58,585,51,0,51,178,5,148,2,23,
3171021001,DKI JAKARTA,JAKARTA PUSAT,SAWAH BESAR,PASAR BARU,171,3,7,2,159,1,0,0,0,1,4,0,0,4,377,38,339,6,0,6,109,2,74,1,32,
3174021006,DKI JAKARTA,JAKARTA SELATAN,SETIA BUDI,PASAR MANGGIS,177,4,11,3,159,2,0,0,0,2,27,0,1,26,708,61,647,15,0,15,125,2,100,8,15,
3174041001,DKI JAKARTA,JAKARTA SELATAN,PASAR MINGGU,PASAR MINGGU,290,4,30,1,255,2,0,0,0,2,5,0,0,5,411,23,388,20,0,20,129,10,101,2,16,
3171041003,DKI JAKARTA,JAKARTA PUSAT,SENEN,PASEBAN,375,4,29,1,341,0,0,0,0,0,8,0,2,6,634,46,588,60,0,60,182,5,149,7,21,
3173061005,DKI JAKARTA,JAKARTA BARAT,KALI DERES,PEGADUNGAN,524,6,34,7,477,0,0,0,0,0,10,0,0,10,1151,186,965,16,0,16,146,12,116,4,14,
3171061002,DKI JAKARTA,JAKARTA PUSAT,MENTENG,PEGANGSAAN,282,0,23,2,257,1,0,0,0,1,0,0,0,0,730,34,696,50,0,50,286,3,232,4,47,
3172061002,DKI JAKARTA,JAKARTA UTARA,KELAPA GADING,PEGANGSAAN DUA,623,7,52,1,563,1,1,0,0,0,41,0,0,41,1379,141,1238,98,0,98,265,19,201,6,39,
3172011004,DKI JAKARTA,JAKARTA UTARA,PENJARINGAN,PEJAGALAN,323,4,38,2,279,2,1,0,0,1,7,0,0,7,707,105,602,28,0,28,160,7,102,3,48,
3174041006,DKI JAKARTA,JAKARTA SELATAN,PASAR MINGGU,PEJATEN BARAT,313,3,48,2,260,7,0,0,0,7,1,0,0,1,519,39,480,73,0,73,130,5,88,2,35,
3174041005,DKI JAKARTA,JAKARTA SELATAN,PASAR MINGGU,PEJATEN TIMUR,342,3,40,1,298,4,0,0,0,4,3,0,1,2,472,44,428,40,0,40,131,15,85,7,24,
3175051005,DKI JAKARTA,JAKARTA TIMUR,PASAR REBO,PEKAYON,588,3,41,1,543,0,0,0,0,0,3,0,0,3,235,30,205,11,0,11,104,13,65,2,24,
3173041009,DKI JAKARTA,JAKARTA BARAT,TAMBORA,PEKOJAN,221,1,17,2,201,0,0,0,0,0,2,0,0,2,190,9,181,17,0,17,91,6,59,3,23,
3174031003,DKI JAKARTA,JAKARTA SELATAN,MAMPANG PRAPATAN,PELA MAMPANG,258,3,14,2,239,4,0,0,0,4,14,0,0,14,1063,183,880,6,0,6,173,6,118,5,44,
3174081005,DKI JAKARTA,JAKARTA SELATAN,PANCORAN,PENGADEGAN,150,2,8,2,138,0,0,0,0,0,8,0,0,8,315,28,287,10,0,10,73,8,50,0,15,
3175061003,DKI JAKARTA,JAKARTA TIMUR,CAKUNG,PENGGILINGAN,410,7,33,1,369,1,0,0,0,1,6,0,1,5,1145,172,973,74,0,74,299,13,221,8,57,
3172011001,DKI JAKARTA,JAKARTA UTARA,PENJARINGAN,PENJARINGAN,672,7,89,4,572,1,0,0,0,1,22,0,0,22,2490,170,2320,117,0,117,377,9,312,14,42,
3174101001,DKI JAKARTA,JAKARTA SELATAN,PESANGGRAHAN,PESANGGRAHAN,332,12,35,4,281,2,0,0,1,1,0,0,0,0,609,116,493,19,0,19,88,5,64,3,16,
3171071004,DKI JAKARTA,JAKARTA PUSAT,TANAH ABANG,PETAMBURAN,481,1,13,7,460,0,0,0,0,0,7,0,0,7,435,35,400,7,0,7,323,18,248,11,46,
3174071008,DKI JAKARTA,JAKARTA SELATAN,KEBAYORAN BARU,PETOGOGAN,108,1,11,0,96,0,0,0,0,0,3,0,1,2,195,4,191,0,0,0,43,3,25,0,15,
3171011004,DKI JAKARTA,JAKARTA PUSAT,GAMBIR,PETOJO SELATAN,168,2,15,1,150,0,0,0,0,0,23,0,1,22,526,60,466,14,0,14,193,4,112,8,69,
3171011003,DKI JAKARTA,JAKARTA PUSAT,GAMBIR,PETOJO UTARA,139,1,8,3,127,1,0,0,0,1,11,0,0,11,279,16,263,25,0,25,91,4,66,2,19,
3174101004,DKI JAKARTA,JAKARTA SELATAN,PESANGGRAHAN,PETUKANGAN SELATAN,304,8,45,2,249,0,0,0,0,0,2,0,0,2,594,66,528,8,0,8,49,1,33,2,13,
3174101003,DKI JAKARTA,JAKARTA SELATAN,PESANGGRAHAN,PETUKANGAN UTARA,368,12,25,4,327,1,0,0,0,1,5,0,0,5,1293,106,1187,9,0,9,127,14,92,2,19,
3175081002,DKI JAKARTA,JAKARTA TIMUR,MAKASAR,PINANG RANTI,136,8,8,1,119,0,0,0,0,0,0,0,0,0,531,53,478,22,0,22,85,1,65,4,15,
3173031008,DKI JAKARTA,JAKARTA BARAT,TAMAN SARI,PINANGSIA,97,0,17,1,79,0,0,0,0,0,2,0,0,2,166,9,157,2,0,2,56,1,40,0,15,
3175011001,DKI JAKARTA,JAKARTA TIMUR,MATRAMAN,PISANGAN BARU,241,2,8,3,228,1,0,0,0,1,2,0,0,2,292,44,248,29,0,29,127,4,90,5,28,
3175021002,DKI JAKARTA,JAKARTA TIMUR,PULO GADUNG,PISANGAN TIMUR,249,3,29,4,213,1,1,0,0,0,10,0,0,10,497,40,457,26,0,26,113,8,82,5,18,
3172011005,DKI JAKARTA,JAKARTA UTARA,PENJARINGAN,PLUIT,237,8,48,4,177,0,0,0,0,0,12,0,0,12,895,125,770,10,0,10,140,10,111,8,11,
3175071002,DKI JAKARTA,JAKARTA TIMUR,DUREN SAWIT,PONDOK BAMBU,787,16,50,1,720,3,1,0,0,2,3,0,0,3,711,108,603,20,0,20,247,16,177,5,49,
3175071004,DKI JAKARTA,JAKARTA TIMUR,DUREN SAWIT,PONDOK KELAPA,508,11,25,0,472,0,0,0,0,0,11,0,1,10,797,76,721,17,0,17,228,11,152,9,56,
3175071007,DKI JAKARTA,JAKARTA TIMUR,DUREN SAWIT,PONDOK KOPI,308,3,15,1,289,0,0,0,0,0,1,0,0,1,296,27,269,11,0,11,137,6,108,7,16,
3174061003,DKI JAKARTA,JAKARTA SELATAN,CILANDAK,PONDOK LABU,296,5,47,1,243,6,2,0,0,4,73,0,0,73,753,114,639,36,0,36,84,4,61,1,18,
3174051002,DKI JAKARTA,JAKARTA SELATAN,KEBAYORAN LAMA,PONDOK PINANG,384,2,30,4,348,0,0,0,0,0,44,0,0,44,636,55,581,9,0,9,160,11,120,9,20,
3175101003,DKI JAKARTA,JAKARTA TIMUR,CIPAYUNG,PONDOK RANGGON,187,7,17,3,160,0,0,0,0,0,3,0,0,3,210,43,167,21,0,21,79,8,54,1,16,
PROSES UPDATE DATA,PROSES UPDATE DATA,PROSES UPDATE DATA,PROSES UPDATE DATA,PROSES UPDATE DATA,11948,140,580,1696,9532,2022,0,0,2020,2,105,0,0,105,7822,1190,6632,72,1,71,17648,1732,13851,381,1684,
3101011003,DKI JAKARTA,KAB.ADM.KEP.SERIBU,KEP. SERIBU UTARA,PULAU HARAPAN,60,0,0,0,60,0,0,0,0,0,0,0,0,0,59,1,58,0,0,0,5,1,1,0,3,
3101011002,DKI JAKARTA,KAB.ADM.KEP.SERIBU,KEP. SERIBU UTARA,PULAU KELAPA,47,0,1,1,45,0,0,0,0,0,3,0,0,3,143,2,141,1,0,1,5,0,5,0,0,
3101011001,DKI JAKARTA,KAB.ADM.KEP.SERIBU,KEP. SERIBU UTARA,PULAU PANGGANG,72,0,18,1,53,0,0,0,0,0,0,0,0,0,153,12,141,4,0,4,18,0,8,0,10,
3101021003,DKI JAKARTA,KAB.ADM.KEP.SERIBU,KEP. SERIBU SELATAN,PULAU PARI,6,0,0,0,6,0,0,0,0,0,0,0,0,0,165,4,161,1,0,1,4,1,3,0,0,
3101021002,DKI JAKARTA,KAB.ADM.KEP.SERIBU,KEP. SERIBU SELATAN,PULAU TIDUNG,35,0,2,0,33,0,0,0,0,0,0,0,0,0,341,7,334,1,0,1,31,0,30,0,1,
3101021001,DKI JAKARTA,KAB.ADM.KEP.SERIBU,KEP. SERIBU SELATAN,PULAU UNTUNG JAWA,23,0,0,0,23,0,0,0,0,0,0,0,0,0,100,2,98,0,0,0,3,0,2,0,1,
3174071007,DKI JAKARTA,JAKARTA SELATAN,KEBAYORAN BARU,PULO,168,3,40,1,124,1,1,0,0,0,1,0,0,1,145,26,119,0,0,0,34,1,21,0,12,
3175021001,DKI JAKARTA,JAKARTA TIMUR,PULO GADUNG,PULO GADUNG,279,6,24,2,247,0,0,0,0,0,10,0,1,9,647,64,583,22,0,22,143,11,108,4,20,
3175061005,DKI JAKARTA,JAKARTA TIMUR,CAKUNG,PULO GEBANG,359,7,64,2,286,1,0,0,0,1,6,0,1,5,990,145,845,54,0,54,221,13,148,5,55,
3174041004,DKI JAKARTA,JAKARTA SELATAN,PASAR MINGGU,RAGUNAN,392,11,70,2,309,1,0,0,0,1,1,0,0,1,492,36,456,24,0,24,89,8,42,4,35,
3175091005,DKI JAKARTA,JAKARTA TIMUR,CIRACAS,RAMBUTAN,291,5,18,1,267,2,0,0,0,2,12,0,0,12,598,38,560,28,0,28,84,7,61,0,16,
3172031006,DKI JAKARTA,JAKARTA UTARA,KOJA,RAWA BADAK SELATAN,369,6,10,2,351,2,1,0,0,1,2,0,0,2,435,53,382,41,0,41,257,5,213,4,35,
3172031004,DKI JAKARTA,JAKARTA UTARA,KOJA,RAWA BADAK UTARA,318,4,15,1,298,0,0,0,0,0,2,0,0,2,385,36,349,53,0,53,195,6,162,4,23,
3174071005,DKI JAKARTA,JAKARTA SELATAN,KEBAYORAN BARU,RAWA BARAT,66,0,5,2,59,0,0,0,0,0,1,0,0,1,124,7,117,0,0,0,12,1,10,1,0,
3173011003,DKI JAKARTA,JAKARTA BARAT,CENGKARENG,RAWA BUAYA,205,4,27,2,172,0,0,0,0,0,4,0,0,4,526,112,414,5,0,5,153,11,107,7,28,
3175031004,DKI JAKARTA,JAKARTA TIMUR,JATINEGARA,RAWA BUNGA,106,4,10,1,91,0,0,0,0,0,1,0,0,1,143,24,119,9,0,9,72,2,58,1,11,
3174081003,DKI JAKARTA,JAKARTA SELATAN,PANCORAN,RAWA JATI,221,4,20,0,197,2,0,0,0,2,10,0,0,10,381,41,340,7,0,7,50,6,34,0,10,
3175061002,DKI JAKARTA,JAKARTA TIMUR,CAKUNG,RAWA TERATE,75,1,22,0,52,0,0,0,0,0,2,0,0,2,242,29,213,2,0,2,64,6,47,0,11,
3175021005,DKI JAKARTA,JAKARTA TIMUR,PULO GADUNG,RAWAMANGUN,248,5,25,0,218,0,0,0,0,0,7,0,0,7,628,62,566,26,0,26,149,14,108,3,24,
3171051003,DKI JAKARTA,JAKARTA PUSAT,CEMPAKA PUTIH,RAWASARI,526,2,14,2,508,3,0,0,1,2,6,0,1,5,973,45,928,30,0,30,277,7,179,4,87,
3173041010,DKI JAKARTA,JAKARTA BARAT,TAMBORA,ROA MALAKA,29,3,0,0,26,1,0,0,0,1,0,0,0,0,32,1,31,1,0,1,12,0,10,0,2,
3172041006,DKI JAKARTA,JAKARTA UTARA,CILINCING,ROROTAN,255,9,37,2,207,0,0,0,0,0,3,0,1,2,501,34,467,62,0,62,110,9,76,2,23,
3174071004,DKI JAKARTA,JAKARTA SELATAN,KEBAYORAN BARU,SELONG,42,1,16,0,25,0,0,0,0,0,3,0,0,3,82,7,75,0,0,0,20,4,13,1,2,
3173061002,DKI JAKARTA,JAKARTA BARAT,KALI DERES,SEMANAN,299,3,29,3,264,0,0,0,0,0,2,0,0,2,748,92,656,6,0,6,84,3,63,1,17,
3172041007,DKI JAKARTA,JAKARTA UTARA,CILINCING,SEMPER BARAT,507,4,72,1,430,2,1,0,0,1,12,0,2,10,953,48,905,82,0,82,313,4,270,4,35,
3172041005,DKI JAKARTA,JAKARTA UTARA,CILINCING,SEMPER TIMUR,296,11,24,1,260,1,0,0,0,1,4,0,1,3,582,38,544,35,0,35,157,2,135,3,17,
3174071006,DKI JAKARTA,JAKARTA SELATAN,KEBAYORAN BARU,SENAYAN,36,0,2,0,34,0,0,0,0,0,9,0,0,9,186,12,174,0,0,0,52,5,44,0,3,
3171041001,DKI JAKARTA,JAKARTA PUSAT,SENEN,SENEN,151,4,7,0,140,1,1,0,0,0,6,0,0,6,593,16,577,25,0,25,111,3,94,2,12,
3171031004,DKI JAKARTA,JAKARTA PUSAT,KEMAYORAN,SERDANG,321,4,19,2,296,0,0,0,0,0,5,0,0,5,447,51,396,27,0,27,125,5,87,4,29,
3174021001,DKI JAKARTA,JAKARTA SELATAN,SETIA BUDI,SETIA BUDI,60,1,8,0,51,0,0,0,0,0,4,0,0,4,218,19,199,6,0,6,20,0,15,0,5,
3175101005,DKI JAKARTA,JAKARTA TIMUR,CIPAYUNG,SETU,192,8,10,0,174,0,0,0,0,0,2,0,0,2,220,33,187,13,0,13,66,7,45,0,14,
3173071002,DKI JAKARTA,JAKARTA BARAT,PALMERAH,SLIPI,399,2,45,2,350,0,0,0,0,0,2,0,0,2,716,166,550,39,0,39,171,14,126,2,29,
3173081004,DKI JAKARTA,JAKARTA BARAT,KEMBANGAN,SRENGSENG,285,2,43,3,237,1,0,0,0,1,5,0,0,5,795,99,696,20,0,20,171,7,128,4,32,
3174091002,DKI JAKARTA,JAKARTA SELATAN,JAGAKARSA,SRENGSENG SAWAH,506,11,33,0,462,8,0,0,0,8,10,0,0,10,558,95,463,23,0,23,129,4,90,7,28,
3173051003,DKI JAKARTA,JAKARTA BARAT,KEBON JERUK,SUKABUMI SELATAN,205,4,24,4,173,0,0,0,0,0,1,0,0,1,460,79,381,23,0,23,98,3,81,3,11,
3173051002,DKI JAKARTA,JAKARTA BARAT,KEBON JERUK,SUKABUMI UTARA,186,3,25,3,155,0,0,0,0,0,19,0,0,19,470,87,383,42,0,42,101,7,75,5,14,
3172041002,DKI JAKARTA,JAKARTA UTARA,CILINCING,SUKAPURA,427,14,36,2,375,0,0,0,0,0,5,0,0,5,761,39,722,71,0,71,240,11,191,3,35,
3171031007,DKI JAKARTA,JAKARTA PUSAT,KEMAYORAN,SUMUR BATU,274,12,12,1,249,1,1,0,0,0,5,0,0,5,379,63,316,21,0,21,130,2,77,2,49,
3172021004,DKI JAKARTA,JAKARTA UTARA,TANJUNG PRIOK,SUNGAI BAMBU,213,2,16,0,195,0,0,0,0,0,6,0,0,6,471,74,397,32,0,32,109,8,69,4,28,
3172021006,DKI JAKARTA,JAKARTA UTARA,TANJUNG PRIOK,SUNTER AGUNG,700,12,66,1,621,2,0,0,0,2,19,0,1,18,1534,107,1427,64,0,64,387,16,311,14,46,
3172021002,DKI JAKARTA,JAKARTA UTARA,TANJUNG PRIOK,SUNTER JAYA,601,16,55,6,524,0,0,0,0,0,8,0,0,8,1180,138,1042,151,0,151,348,16,267,17,48,
3175091004,DKI JAKARTA,JAKARTA TIMUR,CIRACAS,SUSUKAN,252,8,41,1,202,0,0,0,0,0,16,0,0,16,930,44,886,69,0,69,82,3,58,2,19,
3173031001,DKI JAKARTA,JAKARTA BARAT,TAMAN SARI,TAMAN SARI,203,2,44,0,157,2,1,0,0,1,0,0,0,0,282,45,237,11,0,11,101,5,78,3,15,
3173041001,DKI JAKARTA,JAKARTA BARAT,TAMBORA,TAMBORA,143,2,12,3,126,0,0,0,0,0,0,0,0,0,246,7,239,2,0,2,49,2,37,2,8,
3173041004,DKI JAKARTA,JAKARTA BARAT,TAMBORA,TANAH SEREAL,232,4,9,2,217,1,0,0,0,1,4,0,0,4,206,6,200,3,0,3,119,8,99,6,6,
3171081004,DKI JAKARTA,JAKARTA PUSAT,JOHAR BARU,TANAH TINGGI,327,6,10,3,308,1,0,0,0,1,2,0,0,2,696,22,674,31,0,31,301,7,208,16,70,
3173031004,DKI JAKARTA,JAKARTA BARAT,TAMAN SARI,TANGKI,183,1,26,1,155,1,0,0,0,1,3,0,0,3,235,15,220,2,0,2,68,5,44,1,18,
3174091005,DKI JAKARTA,JAKARTA SELATAN,JAGAKARSA,TANJUNG BARAT,403,2,19,1,381,1,0,0,0,1,2,0,1,1,350,48,302,11,0,11,137,10,100,3,24,
3173021005,DKI JAKARTA,JAKARTA BARAT,GROGOL PETAMBURAN,TANJUNG DUREN SELATAN,290,2,27,1,260,0,0,0,0,0,19,0,0,19,479,79,400,19,0,19,175,11,128,7,29,
3173021002,DKI JAKARTA,JAKARTA BARAT,GROGOL PETAMBURAN,TANJUNG DUREN UTARA,206,0,21,0,185,1,0,0,0,1,20,0,0,20,374,28,346,18,0,18,72,4,52,4,12,
3172021001,DKI JAKARTA,JAKARTA UTARA,TANJUNG PRIOK,TANJUNG PRIOK,343,4,42,6,291,0,0,0,0,0,10,0,0,10,573,64,509,50,0,50,234,8,191,8,27,
3174011002,DKI JAKARTA,JAKARTA SELATAN,TEBET,TEBET BARAT,330,4,37,0,289,1,0,0,0,1,8,0,0,8,495,39,456,22,0,22,222,8,192,3,19,
3174011001,DKI JAKARTA,JAKARTA SELATAN,TEBET,TEBET TIMUR,252,3,83,2,164,0,0,0,0,0,6,0,0,6,400,42,358,28,0,28,82,4,53,3,22,
3173061003,DKI JAKARTA,JAKARTA BARAT,KALI DERES,TEGAL ALUR,490,3,43,6,438,0,0,0,0,0,7,0,4,3,915,156,759,8,0,8,112,8,91,3,10,
3174031004,DKI JAKARTA,JAKARTA SELATAN,MAMPANG PRAPATAN,TEGAL PARANG,235,7,14,3,211,5,0,0,1,4,4,0,1,3,738,97,641,10,0,10,174,7,128,4,35,
3173021003,DKI JAKARTA,JAKARTA BARAT,GROGOL PETAMBURAN,TOMANG,312,4,17,2,289,0,0,0,0,0,14,0,0,14,531,48,483,73,0,73,169,11,149,2,7,
3172031005,DKI JAKARTA,JAKARTA UTARA,KOJA,TUGU SELATAN,293,0,17,1,275,0,0,0,0,0,1,0,0,1,350,34,316,62,0,62,143,10,106,5,22,
3172031002,DKI JAKARTA,JAKARTA UTARA,KOJA,TUGU UTARA,652,14,38,0,600,3,1,0,0,2,7,0,0,7,647,76,571,72,0,72,244,4,168,6,66,
3175061006,DKI JAKARTA,JAKARTA TIMUR,CAKUNG,UJUNG MENTENG,105,0,11,2,92,1,0,0,0,1,0,0,0,0,299,36,263,18,0,18,74,9,47,3,15,
3174101005,DKI JAKARTA,JAKARTA SELATAN,PESANGGRAHAN,ULUJAMI,436,9,16,2,409,0,0,0,0,0,0,0,0,0,935,66,869,25,0,25,134,3,111,3,17,
3175011006,DKI JAKARTA,JAKARTA TIMUR,MATRAMAN,UTAN KAYU SELATAN,358,9,14,8,327,2,1,0,0,1,2,0,0,2,620,54,566,81,0,81,169,7,124,6,32,
3175011002,DKI JAKARTA,JAKARTA TIMUR,MATRAMAN,UTAN KAYU UTARA,278,3,18,0,257,2,1,0,0,1,2,0,0,2,484,54,430,40,0,40,128,8,81,4,35,
3171031008,DKI JAKARTA,JAKARTA PUSAT,KEMAYORAN,UTAN PANJANG,287,3,24,2,258,0,0,0,0,0,2,0,0,2,324,55,269,18,0,18,141,3,83,7,48,
3172021007,DKI JAKARTA,JAKARTA UTARA,TANJUNG PRIOK,WARAKAS,313,7,56,2,248,0,0,0,0,0,9,0,0,9,676,99,577,46,0,46,185,5,138,4,38,
3173021007,DKI JAKARTA,JAKARTA BARAT,GROGOL PETAMBURAN,WIJAYA KUSUMA,275,2,20,2,251,0,0,0,0,0,7,0,1,6,602,21,581,21,0,21,134,3,102,5,24,
