id_kel,nama_provinsi,nama_kota,nama_kecamatan,nama_kelurahan,suspek,perawatan_rs,isolasi_di_rumah,suspek_meninggal,selesai_isolasi,probable,perawatan_rs,isolasi_di_rumah,probable_meninggal,selesai_isolasi,pelaku_perjalanan,perawatan_rs,isolasi_di_rumah,selesai_isolasi,kontak_erat,isolasi_di_rumah,selesai_isolasi,discarded,meninggal,selesai_isolasi,positif,dirawat,sembuh,meninggal,self_isolation,keterangan
3172051003,DKI JAKARTA,JAKARTA UTARA,PADEMANGAN,ANCOL,366,0,21,0,345,4,0,0,0,4,9,0,0,9,532,50,482,7,0,7,189,1,160,2,26,
3173041007,DKI JAKARTA,JAKARTA BARAT,TAMBORA,ANGKE,335,4,13,2,316,1,0,0,1,0,0,0,0,0,426,15,411,25,0,25,116,4,104,2,6,
3175041005,DKI JAKARTA,JAKARTA TIMUR,KRAMAT JATI,BALE KAMBANG,205,7,11,1,186,1,0,0,0,1,5,0,0,5,400,32,368,23,0,23,107,5,85,2,15,
3175031003,DKI JAKARTA,JAKARTA TIMUR,JATINEGARA,BALI MESTER,82,0,2,1,79,0,0,0,0,0,0,0,0,0,86,8,78,4,0,4,25,1,19,1,4,
3175101006,DKI JAKARTA,JAKARTA TIMUR,CIPAYUNG,BAMBU APUS,254,9,30,1,214,0,0,0,0,0,4,0,1,3,406,76,330,17,0,17,100,2,83,1,14,
3174031002,DKI JAKARTA,JAKARTA SELATAN,MAMPANG PRAPATAN,BANGKA,180,2,21,2,155,4,0,0,1,3,18,0,0,18,533,37,496,8,0,8,117,4,92,2,19,
3175051002,DKI JAKARTA,JAKARTA TIMUR,PASAR REBO,BARU,223,6,14,1,202,0,0,0,0,0,4,0,0,4,312,29,283,15,0,15,91,7,67,0,17,
3175041004,DKI JAKARTA,JAKARTA TIMUR,KRAMAT JATI,BATU AMPAR,336,6,21,1,308,2,0,0,0,2,2,0,0,2,708,75,633,25,0,25,139,5,104,3,27,
3171071002,DKI JAKARTA,JAKARTA PUSAT,TANAH ABANG,BENDUNGAN HILIR,329,5,11,0,313,0,0,0,0,0,4,0,1,3,407,37,370,9,0,9,161,14,87,2,58,
3175031002,DKI JAKARTA,JAKARTA TIMUR,JATINEGARA,BIDARA CINA,254,6,23,3,222,0,0,0,0,0,1,0,0,1,301,32,269,30,0,30,198,0,144,9,45,
3174101002,DKI JAKARTA,JAKARTA SELATAN,PESANGGRAHAN,BINTARO,544,5,20,2,517,4,0,0,0,4,9,0,0,9,1127,70,1057,22,0,22,191,4,145,6,36,
3174011005,DKI JAKARTA,JAKARTA SELATAN,TEBET,BUKIT DURI,269,4,39,3,223,1,0,0,0,1,13,0,0,13,426,39,387,13,0,13,119,3,78,7,31,
3171041006,DKI JAKARTA,JAKARTA PUSAT,SENEN,BUNGUR,183,6,5,2,170,1,0,0,0,1,13,0,0,13,442,17,425,10,0,10,137,3,103,2,29,
3175061007,DKI JAKARTA,JAKARTA TIMUR,CAKUNG,CAKUNG BARAT,221,3,31,1,186,0,0,0,0,0,0,0,0,0,539,52,487,39,0,39,163,2,119,3,39,
3175061004,DKI JAKARTA,JAKARTA TIMUR,CAKUNG,CAKUNG TIMUR,270,11,33,2,224,2,0,0,1,1,5,0,2,3,585,76,509,32,0,32,172,5,122,2,43,
3175041007,DKI JAKARTA,JAKARTA TIMUR,KRAMAT JATI,CAWANG,221,4,20,0,197,1,0,0,0,1,5,0,1,4,506,55,451,15,0,15,143,2,113,3,25,
3175101008,DKI JAKARTA,JAKARTA TIMUR,CIPAYUNG,CEGER,165,4,26,0,135,0,0,0,0,0,1,0,1,0,235,58,177,8,0,8,71,1,41,1,28,
3171031006,DKI JAKARTA,JAKARTA PUSAT,KEMAYORAN,CEMPAKA BARU,458,6,28,2,422,1,0,0,0,1,7,0,0,7,604,77,527,31,0,31,250,7,218,12,13,
3171051002,DKI JAKARTA,JAKARTA PUSAT,CEMPAKA PUTIH,CEMPAKA PUTIH BARAT,722,8,22,2,690,2,0,0,0,2,13,0,1,12,1578,112,1466,47,0,47,524,3,419,10,92,
3171051001,DKI JAKARTA,JAKARTA PUSAT,CEMPAKA PUTIH,CEMPAKA PUTIH TIMUR,491,8,12,1,470,0,0,0,0,0,10,0,1,9,1116,66,1050,53,0,53,290,3,237,4,46,
3173011001,DKI JAKARTA,JAKARTA BARAT,CENGKARENG,CENGKARENG BARAT,411,4,32,1,374,0,0,0,0,0,5,0,0,5,982,111,871,12,0,12,243,3,187,4,49,
3173011006,DKI JAKARTA,JAKARTA BARAT,CENGKARENG,CENGKARENG TIMUR,595,9,53,7,526,1,0,0,0,1,4,0,1,3,1294,160,1134,14,0,14,410,9,303,12,86,
3175091002,DKI JAKARTA,JAKARTA TIMUR,CIRACAS,CIBUBUR,608,14,61,4,529,1,0,0,0,1,30,0,0,30,1581,67,1514,85,0,85,204,2,162,6,34,
3171011002,DKI JAKARTA,JAKARTA PUSAT,GAMBIR,CIDENG,220,0,9,2,209,0,0,0,0,0,8,0,0,8,432,25,407,13,0,13,158,6,126,5,21,
3174091003,DKI JAKARTA,JAKARTA SELATAN,JAGAKARSA,CIGANJUR,512,11,16,1,484,2,0,0,0,2,12,0,1,11,424,41,383,10,0,10,127,5,85,4,33,
3175051003,DKI JAKARTA,JAKARTA TIMUR,PASAR REBO,CIJANTUNG,491,7,49,3,432,0,0,0,0,0,2,0,1,1,419,31,388,8,0,8,170,2,125,7,36,
3171061003,DKI JAKARTA,JAKARTA PUSAT,MENTENG,CIKINI,108,2,7,0,99,0,0,0,0,0,0,0,0,0,167,11,156,11,0,11,42,1,26,2,13,
3174081006,DKI JAKARTA,JAKARTA SELATAN,PANCORAN,CIKOKO,146,0,2,0,144,1,0,0,0,1,10,0,0,10,230,14,216,0,0,0,47,0,44,1,2,
3174061001,DKI JAKARTA,JAKARTA SELATAN,CILANDAK,CILANDAK BARAT,638,5,53,5,575,1,0,0,0,1,97,0,2,95,1013,117,896,36,0,36,231,10,143,7,71,
3174041003,DKI JAKARTA,JAKARTA SELATAN,PASAR MINGGU,CILANDAK TIMUR,336,7,66,1,262,4,1,0,0,3,17,0,0,17,318,29,289,86,0,86,203,2,166,7,28,
3175101002,DKI JAKARTA,JAKARTA TIMUR,CIPAYUNG,CILANGKAP,232,6,11,1,214,1,1,0,0,0,2,0,0,2,406,75,331,19,0,19,105,5,86,0,14,
3175041006,DKI JAKARTA,JAKARTA TIMUR,KRAMAT JATI,CILILITAN,231,3,24,1,203,0,0,0,0,0,5,0,0,5,592,57,535,42,0,42,170,6,127,3,34,
3172041001,DKI JAKARTA,JAKARTA UTARA,CILINCING,CILINCING,418,9,38,1,370,0,0,0,0,0,6,0,0,6,1030,38,992,75,0,75,299,1,264,5,29,
3175101001,DKI JAKARTA,JAKARTA TIMUR,CIPAYUNG,CIPAYUNG,338,7,26,2,303,3,0,0,1,2,5,0,1,4,420,88,332,22,0,22,147,4,116,2,25,
3174091006,DKI JAKARTA,JAKARTA SELATAN,JAGAKARSA,CIPEDAK,443,7,30,0,406,2,0,0,0,2,1,0,1,0,345,49,296,6,0,6,110,3,76,2,29,
3174061005,DKI JAKARTA,JAKARTA SELATAN,CILANDAK,CIPETE SELATAN,192,0,12,1,179,2,0,0,0,2,45,0,1,44,335,59,276,6,0,6,68,2,35,6,25,
3174071010,DKI JAKARTA,JAKARTA SELATAN,KEBAYORAN BARU,CIPETE UTARA,390,0,33,3,354,0,0,0,0,0,9,0,0,9,366,18,348,5,0,5,89,0,74,3,12,
3175021003,DKI JAKARTA,JAKARTA TIMUR,PULO GADUNG,CIPINANG,228,2,27,2,197,1,1,0,0,0,3,0,0,3,683,52,631,35,0,35,226,14,172,6,34,
3175031007,DKI JAKARTA,JAKARTA TIMUR,JATINEGARA,CIPINANG BESAR SELATAN,185,3,8,2,172,2,0,0,0,2,1,0,0,1,323,28,295,14,0,14,115,2,81,2,30,
3175031008,DKI JAKARTA,JAKARTA TIMUR,JATINEGARA,CIPINANG BESAR UTARA,298,14,28,0,256,1,0,0,0,1,3,0,0,3,472,39,433,16,0,16,209,4,156,4,45,
3175031005,DKI JAKARTA,JAKARTA TIMUR,JATINEGARA,CIPINANG CEMPEDAK,192,3,13,2,174,0,0,0,0,0,2,0,0,2,318,47,271,12,0,12,110,5,63,2,40,
3175081005,DKI JAKARTA,JAKARTA TIMUR,MAKASAR,CIPINANG MELAYU,261,9,19,2,231,1,0,0,0,1,3,0,0,3,563,51,512,17,0,17,187,10,134,5,38,
3175031006,DKI JAKARTA,JAKARTA TIMUR,JATINEGARA,CIPINANG MUARA,290,12,21,1,256,4,0,0,0,4,6,0,0,6,607,69,538,24,0,24,213,5,146,3,59,
3174051003,DKI JAKARTA,JAKARTA SELATAN,KEBAYORAN LAMA,CIPULIR,221,1,14,4,202,5,1,0,0,4,6,0,0,6,447,16,431,8,0,8,139,2,119,4,14,
3175091001,DKI JAKARTA,JAKARTA TIMUR,CIRACAS,CIRACAS,603,9,78,9,507,3,0,0,0,3,22,0,0,22,1275,67,1208,44,0,44,289,14,210,10,55,
3175041003,DKI JAKARTA,JAKARTA TIMUR,KRAMAT JATI,DUKUH,182,1,12,1,168,0,0,0,0,0,1,0,0,1,463,89,374,13,0,13,96,3,73,1,19,
3175071001,DKI JAKARTA,JAKARTA TIMUR,DUREN SAWIT,DUREN SAWIT,701,9,24,3,665,14,0,0,0,14,2,0,0,2,794,69,725,25,0,25,405,9,325,11,60,
3174081004,DKI JAKARTA,JAKARTA SELATAN,PANCORAN,DUREN TIGA,306,1,35,0,270,2,0,0,0,2,4,0,1,3,476,49,427,2,0,2,110,11,73,0,26,
3173051005,DKI JAKARTA,JAKARTA BARAT,KEBON JERUK,DURI KEPA,374,7,42,2,323,3,0,0,0,3,12,0,0,12,976,92,884,69,0,69,274,9,211,9,45,
3173011002,DKI JAKARTA,JAKARTA BARAT,CENGKARENG,DURI KOSAMBI,402,10,40,3,349,0,0,0,0,0,4,0,0,4,782,92,690,11,0,11,221,10,156,4,51,
3171011006,DKI JAKARTA,JAKARTA PUSAT,GAMBIR,DURI PULO,138,3,8,3,124,0,0,0,0,0,0,0,0,0,290,16,274,7,0,7,131,6,92,4,29,
3173041011,DKI JAKARTA,JAKARTA BARAT,TAMBORA,DURI SELATAN,109,2,8,1,98,0,0,0,0,0,2,0,0,2,120,8,112,4,0,4,56,0,50,3,3,
3173041003,DKI JAKARTA,JAKARTA BARAT,TAMBORA,DURI UTARA,150,2,12,2,134,1,0,0,0,1,2,0,0,2,182,8,174,2,0,2,96,2,72,4,18,
3171081003,DKI JAKARTA,JAKARTA PUSAT,JOHAR BARU,GALUR,169,1,12,0,156,3,2,0,0,1,3,0,1,2,382,29,353,45,0,45,192,1,139,9,43,
3171011001,DKI JAKARTA,JAKARTA PUSAT,GAMBIR,GAMBIR,68,0,2,0,66,1,0,0,0,1,17,0,0,17,261,10,251,6,0,6,156,0,116,0,40,
3174061004,DKI JAKARTA,JAKARTA SELATAN,CILANDAK,GANDARIA SELATAN,153,2,9,0,142,2,0,0,0,2,20,0,0,20,527,36,491,2,0,2,93,0,73,3,17,
3174071009,DKI JAKARTA,JAKARTA SELATAN,KEBAYORAN BARU,GANDARIA UTARA,391,6,43,2,340,0,0,0,0,0,3,0,0,3,474,17,457,5,0,5,122,3,92,3,24,
3175051001,DKI JAKARTA,JAKARTA TIMUR,PASAR REBO,GEDONG,575,8,47,0,520,0,0,0,0,0,4,0,0,4,284,30,254,24,0,24,152,6,117,2,27,
3171071001,DKI JAKARTA,JAKARTA PUSAT,TANAH ABANG,GELORA,49,0,1,1,47,0,0,0,0,0,5,0,0,5,107,29,78,0,0,0,105,0,79,2,24,
3173031007,DKI JAKARTA,JAKARTA BARAT,TAMAN SARI,GLODOK,96,0,19,0,77,0,0,0,0,0,1,0,0,1,130,13,117,0,0,0,20,0,15,1,4,
3171061004,DKI JAKARTA,JAKARTA PUSAT,MENTENG,GONDANGDIA,50,1,5,1,43,0,0,0,0,0,6,0,0,6,105,2,103,7,0,7,49,4,38,3,4,
3173021001,DKI JAKARTA,JAKARTA BARAT,GROGOL PETAMBURAN,GROGOL,335,12,39,4,280,1,0,0,0,1,43,0,4,39,671,70,601,32,0,32,159,5,102,1,51,
3174051005,DKI JAKARTA,JAKARTA SELATAN,KEBAYORAN LAMA,GROGOL SELATAN,248,7,7,5,229,0,0,0,0,0,12,0,0,12,502,31,471,10,0,10,152,9,113,6,24,
3174051004,DKI JAKARTA,JAKARTA SELATAN,KEBAYORAN LAMA,GROGOL UTARA,279,1,10,4,264,0,0,0,0,0,24,0,0,24,502,28,474,16,0,16,207,10,166,7,24,
3174021007,DKI JAKARTA,JAKARTA SELATAN,SETIA BUDI,GUNTUR,45,0,1,0,44,0,0,0,0,0,1,0,0,1,151,29,122,1,0,1,24,2,21,0,1,
3174071002,DKI JAKARTA,JAKARTA SELATAN,KEBAYORAN BARU,GUNUNG,206,0,37,3,166,0,0,0,0,0,7,0,0,7,286,16,270,0,0,0,61,2,51,2,6,
3171031005,DKI JAKARTA,JAKARTA PUSAT,KEMAYORAN,GUNUNG SAHARI SELATAN,229,3,15,1,210,0,0,0,0,0,4,0,2,2,336,42,294,1,0,1,114,2,77,4,31,
3171021004,DKI JAKARTA,JAKARTA PUSAT,SAWAH BESAR,GUNUNG SAHARI UTARA,207,5,15,1,186,0,0,0,0,0,6,0,0,6,434,44,390,8,0,8,147,4,99,9,35,
3175081004,DKI JAKARTA,JAKARTA TIMUR,MAKASAR,HALIM PERDANA KUSUMAH,172,2,16,2,152,0,0,0,0,0,5,0,0,5,415,58,357,9,0,9,275,8,176,4,87,
3171031003,DKI JAKARTA,JAKARTA PUSAT,KEMAYORAN,HARAPAN MULIA,274,4,17,3,250,0,0,0,0,0,6,0,0,6,395,46,349,28,0,28,181,5,157,7,12,
3174091001,DKI JAKARTA,JAKARTA SELATAN,JAGAKARSA,JAGAKARSA,714,13,55,2,644,7,2,0,0,5,8,0,1,7,762,82,680,17,0,17,264,4,212,4,44,
3175021007,DKI JAKARTA,JAKARTA TIMUR,PULO GADUNG,JATI,286,3,19,1,263,0,0,0,0,0,7,0,0,7,729,50,679,30,0,30,198,4,160,1,33,
3174041002,DKI JAKARTA,JAKARTA SELATAN,PASAR MINGGU,JATI PADANG,346,3,56,2,285,0,0,0,0,0,3,0,0,3,468,31,437,67,0,67,116,2,79,5,30,
3173071004,DKI JAKARTA,JAKARTA BARAT,PALMERAH,JATI PULO,391,4,43,4,340,1,0,0,0,1,3,0,0,3,616,62,554,62,0,62,215,4,179,3,29,
3175061001,DKI JAKARTA,JAKARTA TIMUR,CAKUNG,JATINEGARA,415,7,80,3,325,1,0,0,0,1,3,0,0,3,996,144,852,42,0,42,309,5,221,6,77,
3175021004,DKI JAKARTA,JAKARTA TIMUR,PULO GADUNG,JATINEGARA KAUM,94,4,17,0,73,1,0,0,1,0,3,0,0,3,251,33,218,10,0,10,62,6,34,2,20,
3173021004,DKI JAKARTA,JAKARTA BARAT,GROGOL PETAMBURAN,JELAMBAR,310,3,26,5,276,2,0,0,0,2,25,0,1,24,601,37,564,11,0,11,146,3,110,5,28,
3173021006,DKI JAKARTA,JAKARTA BARAT,GROGOL PETAMBURAN,JELAMBAR BARU,291,0,13,2,276,2,0,0,0,2,4,0,0,4,478,12,466,18,0,18,108,2,76,4,26,
3173041006,DKI JAKARTA,JAKARTA BARAT,TAMBORA,JEMBATAN BESI,485,3,32,1,449,0,0,0,0,0,4,0,0,4,431,15,416,7,0,7,185,8,160,7,10,
3173041008,DKI JAKARTA,JAKARTA BARAT,TAMBORA,JEMBATAN LIMA,152,1,18,0,133,0,0,0,0,0,1,0,0,1,172,6,166,2,0,2,76,2,55,4,15,
3173081005,DKI JAKARTA,JAKARTA BARAT,KEMBANGAN,JOGLO,274,1,52,4,217,0,0,0,0,0,5,0,1,4,547,156,391,14,0,14,155,7,99,2,47,
3171081001,DKI JAKARTA,JAKARTA PUSAT,JOHAR BARU,JOHAR BARU,520,6,25,3,486,2,1,0,0,1,5,0,0,5,1419,90,1329,95,0,95,393,6,323,14,50,
3173041002,DKI JAKARTA,JAKARTA BARAT,TAMBORA,KALI ANYAR,312,6,28,0,278,1,0,0,0,1,3,0,0,3,322,17,305,11,0,11,147,2,129,4,12,
3172041004,DKI JAKARTA,JAKARTA UTARA,CILINCING,KALI BARU,358,15,27,5,311,0,0,0,0,0,4,0,0,4,584,28,556,37,0,37,255,7,209,7,32,
3174081002,DKI JAKARTA,JAKARTA SELATAN,PANCORAN,KALIBATA,408,4,27,4,373,7,1,0,0,6,11,0,0,11,646,62,584,12,0,12,224,6,199,4,15,
3173061001,DKI JAKARTA,JAKARTA BARAT,KALI DERES,KALIDERES,807,14,67,4,722,1,0,0,0,1,5,0,0,5,1809,139,1670,29,0,29,264,7,207,5,45,
3175051004,DKI JAKARTA,JAKARTA TIMUR,PASAR REBO,KALISARI,696,9,63,0,624,0,0,0,0,0,3,0,0,3,372,46,326,10,0,10,149,5,110,3,31,
3173061004,DKI JAKARTA,JAKARTA BARAT,KALI DERES,KAMAL,265,2,5,3,255,0,0,0,0,0,1,0,0,1,466,30,436,4,0,4,43,2,27,6,8,
3172011002,DKI JAKARTA,JAKARTA UTARA,PENJARINGAN,KAMAL MUARA,69,1,10,0,58,0,0,0,0,0,4,0,0,4,135,17,118,1,0,1,63,1,56,2,4,
3171071007,DKI JAKARTA,JAKARTA PUSAT,TANAH ABANG,KAMPUNG BALI,125,3,5,2,115,1,0,0,0,1,2,0,0,2,169,14,155,2,0,2,49,0,41,3,5,
3175031001,DKI JAKARTA,JAKARTA TIMUR,JATINEGARA,KAMPUNG MELAYU,166,3,6,5,152,2,0,0,0,2,5,0,1,4,182,14,168,4,0,4,147,2,118,3,24,
3171081002,DKI JAKARTA,JAKARTA PUSAT,JOHAR BARU,KAMPUNG RAWA,253,3,6,0,244,1,0,0,0,1,0,0,0,0,580,49,531,64,0,64,235,13,171,13,38,
3175041002,DKI JAKARTA,JAKARTA TIMUR,KRAMAT JATI,KAMPUNG TENGAH,422,6,24,1,391,1,0,0,0,1,9,0,1,8,922,68,854,49,0,49,218,6,188,10,14,
3173011005,DKI JAKARTA,JAKARTA BARAT,CENGKARENG,KAPUK,529,7,47,16,459,1,0,0,0,1,10,0,0,10,1137,105,1032,13,0,13,330,16,231,10,73,
3172011003,DKI JAKARTA,JAKARTA UTARA,PENJARINGAN,KAPUK MUARA,168,1,33,0,134,1,1,0,0,0,9,0,0,9,399,48,351,20,0,20,104,4,85,7,8,
3171021002,DKI JAKARTA,JAKARTA PUSAT,SAWAH BESAR,KARANG ANYAR,382,3,22,5,352,1,0,0,0,1,4,0,0,4,734,67,667,8,0,8,146,1,126,5,14,
3174021004,DKI JAKARTA,JAKARTA SELATAN,SETIA BUDI,KARET,102,2,3,0,97,0,0,0,0,0,11,0,1,10,317,31,286,4,0,4,83,1,47,0,35,
3174021003,DKI JAKARTA,JAKARTA SELATAN,SETIA BUDI,KARET KUNINGAN,176,6,14,1,155,0,0,0,0,0,21,0,0,21,290,21,269,4,0,4,81,5,54,2,20,
3174021002,DKI JAKARTA,JAKARTA SELATAN,SETIA BUDI,KARET SEMANGGI,49,4,1,1,43,0,0,0,0,0,3,0,0,3,71,2,69,0,0,0,21,4,14,2,1,
3171071003,DKI JAKARTA,JAKARTA PUSAT,TANAH ABANG,KARET TENGSIN,199,5,7,0,187,0,0,0,0,0,7,0,0,7,254,29,225,1,0,1,101,2,93,2,4,
3171021003,DKI JAKARTA,JAKARTA PUSAT,SAWAH BESAR,KARTINI,267,1,17,1,248,1,0,0,0,1,0,0,0,0,528,44,484,16,0,16,173,0,150,4,19,
3175011003,DKI JAKARTA,JAKARTA TIMUR,MATRAMAN,KAYU MANIS,269,2,30,0,237,3,0,0,0,3,1,0,1,0,560,44,516,27,0,27,135,4,108,4,19,
3175021006,DKI JAKARTA,JAKARTA TIMUR,PULO GADUNG,KAYU PUTIH,360,3,18,4,335,1,0,0,1,0,11,0,0,11,888,63,825,38,0,38,226,4,188,6,28,
3173031006,DKI JAKARTA,JAKARTA BARAT,TAMAN SARI,KEAGUNGAN,250,2,24,0,224,0,0,0,0,0,2,0,0,2,436,77,359,10,0,10,138,0,107,1,30,
3174041007,DKI JAKARTA,JAKARTA SELATAN,PASAR MINGGU,KEBAGUSAN,442,7,62,1,372,3,1,0,0,2,2,0,0,2,575,21,554,39,0,39,129,4,96,0,29,
3174051006,DKI JAKARTA,JAKARTA SELATAN,KEBAYORAN LAMA,KEBAYORAN LAMA SELATAN,389,3,21,0,365,4,0,0,0,4,2,0,0,2,671,17,654,14,0,14,179,5,135,4,35,
3174051001,DKI JAKARTA,JAKARTA SELATAN,KEBAYORAN LAMA,KEBAYORAN LAMA UTARA,283,4,21,1,257,1,0,0,0,1,15,0,0,15,407,18,389,4,0,4,124,4,89,4,27,
3174011004,DKI JAKARTA,JAKARTA SELATAN,TEBET,KEBON BARU,266,2,40,2,222,0,0,0,0,0,15,0,0,15,521,59,462,17,0,17,126,2,100,1,23,
3172021005,DKI JAKARTA,JAKARTA UTARA,TANJUNG PRIOK,KEBON BAWANG,532,13,46,1,472,0,0,0,0,0,15,0,2,13,987,113,874,63,0,63,323,3,277,3,40,
3173051001,DKI JAKARTA,JAKARTA BARAT,KEBON JERUK,KEBON JERUK,486,9,42,6,429,2,0,0,0,2,13,0,0,13,1408,121,1287,58,0,58,445,19,239,13,174,
3171071006,DKI JAKARTA,JAKARTA PUSAT,TANAH ABANG,KEBON KACANG,390,0,4,1,385,1,0,0,0,1,0,0,0,0,364,10,354,6,0,6,251,6,219,11,15,
3171011005,DKI JAKARTA,JAKARTA PUSAT,GAMBIR,KEBON KELAPA,120,4,11,1,104,3,0,0,0,3,3,0,1,2,190,17,173,2,0,2,66,3,43,1,19,
3171031002,DKI JAKARTA,JAKARTA PUSAT,KEMAYORAN,KEBON KOSONG,296,6,17,5,268,0,0,0,0,0,8,0,1,7,347,30,317,30,0,30,183,3,143,7,30,
3175011005,DKI JAKARTA,JAKARTA TIMUR,MATRAMAN,KEBON MANGGIS,139,0,8,4,127,0,0,0,0,0,2,0,0,2,210,11,199,20,0,20,114,2,100,2,10,
3171071005,DKI JAKARTA,JAKARTA PUSAT,TANAH ABANG,KEBON MELATI,401,2,6,3,390,0,0,0,0,0,5,0,0,5,512,34,478,7,0,7,403,11,341,7,44,
3175081003,DKI JAKARTA,JAKARTA TIMUR,MAKASAR,KEBON PALA,224,8,41,1,174,1,1,0,0,0,4,0,0,4,771,77,694,15,0,15,229,11,165,3,50,
3171061005,DKI JAKARTA,JAKARTA PUSAT,MENTENG,KEBON SIRIH,134,0,10,2,122,0,0,0,0,0,2,0,0,2,262,9,253,14,0,14,119,1,110,2,6,
3173011004,DKI JAKARTA,JAKARTA BARAT,CENGKARENG,KEDAUNG KALI ANGKE,329,3,28,0,298,0,0,0,0,0,1,0,0,1,374,55,319,5,0,5,212,8,160,3,41,
3173051007,DKI JAKARTA,JAKARTA BARAT,KEBON JERUK,KEDOYA SELATAN,232,2,31,5,194,2,0,0,0,2,6,0,0,6,476,44,432,19,0,19,126,1,93,5,27,
3173051006,DKI JAKARTA,JAKARTA BARAT,KEBON JERUK,KEDOYA UTARA,234,5,37,2,190,1,0,0,0,1,15,0,0,15,644,71,573,19,0,19,182,10,121,4,47,
3173051004,DKI JAKARTA,JAKARTA BARAT,KEBON JERUK,KELAPA DUA,196,4,39,0,153,0,0,0,0,0,5,0,0,5,408,59,349,22,0,22,103,1,69,2,31,
3175091003,DKI JAKARTA,JAKARTA TIMUR,CIRACAS,KELAPA DUA WETAN,444,9,52,1,382,1,1,0,0,0,7,0,0,7,861,52,809,35,0,35,146,4,115,2,25,
3172061003,DKI JAKARTA,JAKARTA UTARA,KELAPA GADING,KELAPA GADING BARAT,711,26,45,3,637,2,0,0,0,2,46,0,0,46,1095,57,1038,88,0,88,300,6,256,5,33,
3172061001,DKI JAKARTA,JAKARTA UTARA,KELAPA GADING,KELAPA GADING TIMUR,582,24,31,2,525,1,0,0,0,1,21,0,1,20,1082,75,1007,59,0,59,181,5,134,8,34,
3173071005,DKI JAKARTA,JAKARTA BARAT,PALMERAH,KEMANGGISAN,456,6,45,6,399,0,0,0,0,0,8,0,0,8,730,87,643,49,0,49,216,6,164,6,40,
3171031001,DKI JAKARTA,JAKARTA PUSAT,KEMAYORAN,KEMAYORAN,304,5,13,3,283,0,0,0,0,0,1,0,1,0,455,38,417,20,0,20,248,3,188,10,47,
3173081006,DKI JAKARTA,JAKARTA BARAT,KEMBANGAN,KEMBANGAN SELATAN,178,4,19,1,154,0,0,0,0,0,6,0,0,6,443,40,403,52,0,52,132,5,104,3,20,
3173081001,DKI JAKARTA,JAKARTA BARAT,KEMBANGAN,KEMBANGAN UTARA,408,12,47,3,346,4,0,0,1,3,3,0,0,3,1216,86,1130,10,0,10,192,5,149,5,33,
3171041002,DKI JAKARTA,JAKARTA PUSAT,SENEN,KENARI,173,3,16,1,153,1,0,0,0,1,4,0,3,1,394,22,372,45,0,45,153,1,144,2,6,
3173041005,DKI JAKARTA,JAKARTA BARAT,TAMBORA,KERENDANG,208,2,11,2,193,1,0,0,0,1,0,0,0,0,165,6,159,3,0,3,104,4,85,7,8,
3175071003,DKI JAKARTA,JAKARTA TIMUR,DUREN SAWIT,KLENDER,516,5,17,2,492,2,0,0,0,2,4,0,1,3,725,64,661,25,0,25,268,5,223,9,31,
3172031001,DKI JAKARTA,JAKARTA UTARA,KOJA,KOJA,252,4,17,0,231,0,0,0,0,0,4,0,0,4,382,8,374,35,0,35,211,3,169,5,34,
3173071006,DKI JAKARTA,JAKARTA BARAT,PALMERAH,KOTA BAMBU SELATAN,385,3,31,5,346,0,0,0,0,0,1,0,0,1,731,30,701,71,0,71,199,3,179,5,12,
3173071003,DKI JAKARTA,JAKARTA BARAT,PALMERAH,KOTA BAMBU UTARA,318,3,19,11,285,0,0,0,0,0,3,0,0,3,488,48,440,54,0,54,194,5,157,6,26,
3171041004,DKI JAKARTA,JAKARTA PUSAT,SENEN,KRAMAT,327,2,11,6,308,0,0,0,0,0,7,0,1,6,777,30,747,33,0,33,220,4,199,10,7,
3175041001,DKI JAKARTA,JAKARTA TIMUR,KRAMAT JATI,KRAMAT JATI,298,11,37,1,249,0,0,0,0,0,10,0,0,10,625,101,524,21,0,21,206,8,142,6,50,
3174071003,DKI JAKARTA,JAKARTA SELATAN,KEBAYORAN BARU,KRAMAT PELA,185,0,82,0,103,0,0,0,0,0,0,0,0,0,448,26,422,6,0,6,104,3,91,0,10,
3173031002,DKI JAKARTA,JAKARTA BARAT,TAMAN SARI,KRUKUT,208,2,32,6,168,1,1,0,0,0,3,0,0,3,331,38,293,12,0,12,134,4,81,4,45,
3174031005,DKI JAKARTA,JAKARTA SELATAN,MAMPANG PRAPATAN,KUNINGAN BARAT,90,1,2,1,86,0,0,0,0,0,0,0,0,0,404,75,329,5,0,5,73,1,31,0,41,
3174021008,DKI JAKARTA,JAKARTA SELATAN,SETIA BUDI,KUNINGAN TIMUR,107,0,5,1,101,1,0,0,0,1,20,0,0,20,124,12,112,1,0,1,65,2,44,2,17,
3171041005,DKI JAKARTA,JAKARTA PUSAT,SENEN,KWITANG,199,5,2,0,192,2,0,0,0,2,6,0,1,5,382,16,366,10,0,10,99,2,85,4,8,
3172031003,DKI JAKARTA,JAKARTA UTARA,KOJA,LAGOA,487,11,20,1,455,0,0,0,0,0,5,0,0,5,561,43,518,57,0,57,500,7,422,9,62,
3174061002,DKI JAKARTA,JAKARTA SELATAN,CILANDAK,LEBAK BULUS,275,3,27,2,243,3,0,0,0,3,27,0,0,27,550,86,464,22,0,22,153,2,110,9,32,
3174091004,DKI JAKARTA,JAKARTA SELATAN,JAGAKARSA,LENTENG AGUNG,506,12,36,0,458,3,1,0,0,2,6,0,0,6,457,62,395,13,0,13,141,4,118,0,19,
LUAR DKI JAKARTA,LUAR DKI JAKARTA,LUAR DKI JAKARTA,LUAR DKI JAKARTA,LUAR DKI JAKARTA,24489,866,2341,98,21184,62,9,0,0,53,563,0,36,527,35676,6440,29236,1447,0,1447,7313,292,5720,118,1183,
3175101007,DKI JAKARTA,JAKARTA TIMUR,CIPAYUNG,LUBANG BUAYA,496,13,49,3,431,1,0,0,0,1,7,0,2,5,586,72,514,28,0,28,214,6,155,2,51,
3175081001,DKI JAKARTA,JAKARTA TIMUR,MAKASAR,MAKASAR,211,11,28,1,171,0,0,0,0,0,8,0,0,8,896,99,797,22,0,22,195,6,128,0,61,
3175071006,DKI JAKARTA,JAKARTA TIMUR,DUREN SAWIT,MALAKA JAYA,269,4,5,2,258,1,0,0,0,1,2,0,0,2,446,30,416,12,0,12,160,1,125,1,33,
3175071005,DKI JAKARTA,JAKARTA TIMUR,DUREN SAWIT,MALAKA SARI,237,1,12,1,223,0,0,0,0,0,0,0,0,0,374,42,332,11,0,11,135,2,99,3,31,
3174031001,DKI JAKARTA,JAKARTA SELATAN,MAMPANG PRAPATAN,MAMPANG PRAPATAN,231,0,9,2,220,0,0,0,0,0,0,0,0,0,854,64,790,9,0,9,238,8,182,7,41,
3173031005,DKI JAKARTA,JAKARTA BARAT,TAMAN SARI,MANGGA BESAR,110,5,18,1,86,1,0,0,0,1,0,0,0,0,135,5,130,5,0,5,48,1,32,1,14,
3171021005,DKI JAKARTA,JAKARTA PUSAT,SAWAH BESAR,MANGGA DUA SELATAN,286,3,39,1,243,3,0,0,0,3,1,0,0,1,667,40,627,9,0,9,165,0,135,2,28,
3174011007,DKI JAKARTA,JAKARTA SELATAN,TEBET,MANGGARAI,309,2,45,0,262,4,0,0,0,4,4,0,0,4,437,61,376,21,0,21,140,3,101,1,35,
3174011006,DKI JAKARTA,JAKARTA SELATAN,TEBET,MANGGARAI SELATAN,185,6,29,2,148,0,0,0,0,0,6,0,0,6,398,27,371,20,0,20,80,0,64,2,14,
3173031003,DKI JAKARTA,JAKARTA BARAT,TAMAN SARI,MAPHAR,174,1,19,1,153,0,0,0,0,0,6,0,0,6,313,29,284,36,0,36,168,3,144,1,20,
3172041003,DKI JAKARTA,JAKARTA UTARA,CILINCING,MARUNDA,221,3,16,0,202,2,0,0,0,2,0,0,0,0,314,17,297,12,0,12,90,4,77,1,8,
3174071001,DKI JAKARTA,JAKARTA SELATAN,KEBAYORAN BARU,MELAWAI,47,1,3,0,43,0,0,0,0,0,1,0,0,1,53,1,52,0,0,0,12,0,11,0,1,
3171061001,DKI JAKARTA,JAKARTA PUSAT,MENTENG,MENTENG,329,5,40,2,282,2,0,0,0,2,1,0,0,1,615,48,567,25,0,25,233,4,173,8,48,
3174021005,DKI JAKARTA,JAKARTA SELATAN,SETIA BUDI,MENTENG ATAS,278,0,20,3,255,1,0,0,0,1,46,0,1,45,1051,86,965,36,0,36,168,5,133,2,28,
3174011003,DKI JAKARTA,JAKARTA SELATAN,TEBET,MENTENG DALAM,472,10,38,4,420,3,0,0,0,3,13,0,0,13,618,23,595,39,0,39,152,0,113,6,33,
3173081003,DKI JAKARTA,JAKARTA BARAT,KEMBANGAN,MERUYA SELATAN,260,6,27,1,226,0,0,0,0,0,2,0,0,2,586,153,433,17,0,17,123,6,100,3,14,
3173081002,DKI JAKARTA,JAKARTA BARAT,KEMBANGAN,MERUYA UTARA,372,9,62,6,295,1,0,0,1,0,7,0,0,7,744,118,626,10,0,10,165,10,111,2,42,
3175101004,DKI JAKARTA,JAKARTA TIMUR,CIPAYUNG,MUNJUL,193,2,13,0,178,0,0,0,0,0,3,0,1,2,246,44,202,23,0,23,65,4,54,1,6,
3172051002,DKI JAKARTA,JAKARTA UTARA,PADEMANGAN,PADEMANGAN BARAT,1624,8,114,5,1497,4,0,0,0,4,14,0,1,13,2252,108,2144,29,0,29,611,5,554,19,33,
3172051001,DKI JAKARTA,JAKARTA UTARA,PADEMANGAN,PADEMANGAN TIMUR,504,1,45,3,455,2,1,0,0,1,13,0,0,13,742,53,689,14,0,14,187,2,146,3,36,
3175011004,DKI JAKARTA,JAKARTA TIMUR,MATRAMAN,PAL MERIAM,194,5,8,2,179,2,0,0,0,2,2,0,0,2,502,23,479,58,0,58,152,0,133,6,13,
3173071001,DKI JAKARTA,JAKARTA BARAT,PALMERAH,PALMERAH,838,4,70,2,762,0,0,0,0,0,2,0,0,2,1444,138,1306,72,0,72,351,8,265,16,62,
3174081001,DKI JAKARTA,JAKARTA SELATAN,PANCORAN,PANCORAN,286,4,13,0,269,1,0,0,0,1,9,0,0,9,497,34,463,6,0,6,183,1,163,4,15,
3172021003,DKI JAKARTA,JAKARTA UTARA,TANJUNG PRIOK,PAPANGGO,335,5,36,0,294,1,0,0,0,1,5,0,0,5,678,47,631,52,0,52,198,3,176,2,17,
3171021001,DKI JAKARTA,JAKARTA PUSAT,SAWAH BESAR,PASAR BARU,189,4,14,2,169,1,0,0,0,1,5,0,0,5,397,46,351,6,0,6,144,3,97,1,43,
3174021006,DKI JAKARTA,JAKARTA SELATAN,SETIA BUDI,PASAR MANGGIS,196,10,12,3,171,2,0,0,0,2,27,0,1,26,768,75,693,16,0,16,150,4,114,8,24,
3174041001,DKI JAKARTA,JAKARTA SELATAN,PASAR MINGGU,PASAR MINGGU,321,4,33,1,283,2,0,0,0,2,5,0,0,5,428,20,408,20,0,20,175,3,117,3,52,
3171041003,DKI JAKARTA,JAKARTA PUSAT,SENEN,PASEBAN,421,9,19,1,392,2,0,0,0,2,10,0,1,9,701,63,638,60,0,60,218,4,173,7,34,
3173061005,DKI JAKARTA,JAKARTA BARAT,KALI DERES,PEGADUNGAN,571,12,42,7,510,0,0,0,0,0,10,0,0,10,1218,125,1093,17,0,17,182,5,136,4,37,
3171061002,DKI JAKARTA,JAKARTA PUSAT,MENTENG,PEGANGSAAN,313,3,27,2,281,1,0,0,0,1,0,0,0,0,778,53,725,51,0,51,299,0,280,4,15,
3172061002,DKI JAKARTA,JAKARTA UTARA,KELAPA GADING,PEGANGSAAN DUA,669,14,31,1,623,1,1,0,0,0,41,0,0,41,1434,111,1323,117,0,117,297,6,250,8,33,
3172011004,DKI JAKARTA,JAKARTA UTARA,PENJARINGAN,PEJAGALAN,363,4,49,2,308,2,0,0,0,2,7,0,0,7,749,65,684,28,0,28,193,7,144,4,38,
3174041006,DKI JAKARTA,JAKARTA SELATAN,PASAR MINGGU,PEJATEN BARAT,345,7,46,2,290,8,1,0,0,7,1,0,0,1,551,39,512,73,0,73,163,7,119,2,35,
3174041005,DKI JAKARTA,JAKARTA SELATAN,PASAR MINGGU,PEJATEN TIMUR,381,7,48,1,325,4,0,0,0,4,3,0,1,2,504,36,468,40,0,40,157,5,112,8,32,
3175051005,DKI JAKARTA,JAKARTA TIMUR,PASAR REBO,PEKAYON,642,3,62,1,576,0,0,0,0,0,3,0,0,3,257,29,228,11,0,11,133,11,85,2,35,
3173041009,DKI JAKARTA,JAKARTA BARAT,TAMBORA,PEKOJAN,246,0,32,2,212,0,0,0,0,0,2,0,0,2,207,14,193,17,0,17,97,3,73,3,18,
3174031003,DKI JAKARTA,JAKARTA SELATAN,MAMPANG PRAPATAN,PELA MAMPANG,272,2,15,2,253,4,0,0,0,4,14,0,0,14,1163,154,1009,6,0,6,207,7,156,5,39,
3174081005,DKI JAKARTA,JAKARTA SELATAN,PANCORAN,PENGADEGAN,157,0,5,2,150,0,0,0,0,0,8,0,0,8,334,22,312,10,0,10,76,1,69,0,6,
3175061003,DKI JAKARTA,JAKARTA TIMUR,CAKUNG,PENGGILINGAN,450,8,37,1,404,1,0,0,0,1,7,0,1,6,1268,185,1083,75,0,75,381,7,282,8,84,
3172011001,DKI JAKARTA,JAKARTA UTARA,PENJARINGAN,PENJARINGAN,815,14,165,4,632,1,0,0,0,1,23,0,1,22,2588,133,2455,119,0,119,463,12,341,14,96,
3174101001,DKI JAKARTA,JAKARTA SELATAN,PESANGGRAHAN,PESANGGRAHAN,352,5,21,4,322,2,0,0,1,1,0,0,0,0,673,101,572,19,0,19,119,1,83,3,32,
3171071004,DKI JAKARTA,JAKARTA PUSAT,TANAH ABANG,PETAMBURAN,492,1,15,7,469,0,0,0,0,0,7,0,0,7,473,40,433,8,0,8,365,4,308,11,42,
3174071008,DKI JAKARTA,JAKARTA SELATAN,KEBAYORAN BARU,PETOGOGAN,115,0,16,0,99,0,0,0,0,0,3,0,0,3,203,9,194,0,0,0,48,1,30,0,17,
3171011004,DKI JAKARTA,JAKARTA PUSAT,GAMBIR,PETOJO SELATAN,185,4,11,1,169,0,0,0,0,0,24,0,1,23,550,64,486,15,0,15,218,3,176,8,31,
3171011003,DKI JAKARTA,JAKARTA PUSAT,GAMBIR,PETOJO UTARA,155,2,10,3,140,1,0,0,0,1,11,0,0,11,302,25,277,25,0,25,114,3,83,3,25,
3174101004,DKI JAKARTA,JAKARTA SELATAN,PESANGGRAHAN,PETUKANGAN SELATAN,333,7,37,2,287,0,0,0,0,0,2,0,0,2,672,105,567,8,0,8,105,2,46,4,53,
3174101003,DKI JAKARTA,JAKARTA SELATAN,PESANGGRAHAN,PETUKANGAN UTARA,390,4,20,4,362,2,0,0,0,2,5,0,0,5,1348,112,1236,9,0,9,192,7,120,2,63,
3175081002,DKI JAKARTA,JAKARTA TIMUR,MAKASAR,PINANG RANTI,159,4,20,1,134,0,0,0,0,0,0,0,0,0,553,40,513,24,0,24,107,2,76,4,25,
3173031008,DKI JAKARTA,JAKARTA BARAT,TAMAN SARI,PINANGSIA,113,1,22,1,89,0,0,0,0,0,2,0,0,2,197,31,166,2,0,2,73,2,52,0,19,
3175011001,DKI JAKARTA,JAKARTA TIMUR,MATRAMAN,PISANGAN BARU,264,5,13,3,243,1,0,0,0,1,3,0,1,2,337,40,297,30,0,30,142,2,117,7,16,
3175021002,DKI JAKARTA,JAKARTA TIMUR,PULO GADUNG,PISANGAN TIMUR,268,4,18,4,242,1,0,0,0,1,10,0,0,10,529,45,484,26,0,26,154,4,108,5,37,
3172011005,DKI JAKARTA,JAKARTA UTARA,PENJARINGAN,PLUIT,289,8,69,4,208,0,0,0,0,0,12,0,0,12,994,71,923,15,0,15,164,5,132,8,19,
3175071002,DKI JAKARTA,JAKARTA TIMUR,DUREN SAWIT,PONDOK BAMBU,839,14,31,1,793,3,0,0,0,3,3,0,0,3,779,98,681,23,0,23,298,8,225,6,59,
3175071004,DKI JAKARTA,JAKARTA TIMUR,DUREN SAWIT,PONDOK KELAPA,535,11,20,0,504,0,0,0,0,0,11,0,0,11,876,78,798,17,0,17,274,5,203,10,56,
3175071007,DKI JAKARTA,JAKARTA TIMUR,DUREN SAWIT,PONDOK KOPI,331,4,23,1,303,0,0,0,0,0,2,0,1,1,318,23,295,12,0,12,170,5,127,7,31,
3174061003,DKI JAKARTA,JAKARTA SELATAN,CILANDAK,PONDOK LABU,331,10,41,1,279,6,0,0,0,6,73,0,0,73,826,100,726,37,0,37,121,6,81,1,33,
3174051002,DKI JAKARTA,JAKARTA SELATAN,KEBAYORAN LAMA,PONDOK PINANG,441,10,39,4,388,0,0,0,0,0,44,0,0,44,664,41,623,10,0,10,207,11,147,9,40,
3175101003,DKI JAKARTA,JAKARTA TIMUR,CIPAYUNG,PONDOK RANGGON,208,8,13,3,184,0,0,0,0,0,3,0,0,3,241,41,200,21,0,21,100,5,71,1,23,
PROSES UPDATE DATA,PROSES UPDATE DATA,PROSES UPDATE DATA,PROSES UPDATE DATA,PROSES UPDATE DATA,12215,161,246,1696,10112,2468,0,0,2466,2,105,0,0,105,8556,752,7804,72,1,71,19372,916,16185,427,1844,
3101011003,DKI JAKARTA,KAB.ADM.KEP.SERIBU,KEP. SERIBU UTARA,PULAU HARAPAN,61,0,1,0,60,0,0,0,0,0,0,0,0,0,62,2,60,0,0,0,5,0,5,0,0,
3101011002,DKI JAKARTA,KAB.ADM.KEP.SERIBU,KEP. SERIBU UTARA,PULAU KELAPA,54,0,7,1,46,0,0,0,0,0,3,0,0,3,145,2,143,1,0,1,6,0,5,0,1,
3101011001,DKI JAKARTA,KAB.ADM.KEP.SERIBU,KEP. SERIBU UTARA,PULAU PANGGANG,92,1,19,1,71,0,0,0,0,0,0,0,0,0,159,9,150,4,0,4,20,0,18,0,2,
3101021003,DKI JAKARTA,KAB.ADM.KEP.SERIBU,KEP. SERIBU SELATAN,PULAU PARI,6,0,0,0,6,0,0,0,0,0,0,0,0,0,168,2,166,1,0,1,5,0,4,0,1,
3101021002,DKI JAKARTA,KAB.ADM.KEP.SERIBU,KEP. SERIBU SELATAN,PULAU TIDUNG,36,1,1,0,34,1,0,0,1,0,0,0,0,0,353,12,341,1,0,1,33,0,31,0,2,
3101021001,DKI JAKARTA,KAB.ADM.KEP.SERIBU,KEP. SERIBU SELATAN,PULAU UNTUNG JAWA,25,0,1,0,24,0,0,0,0,0,0,0,0,0,102,2,100,0,0,0,4,0,3,0,1,
3174071007,DKI JAKARTA,JAKARTA SELATAN,KEBAYORAN BARU,PULO,230,0,92,1,137,1,0,0,0,1,1,0,0,1,151,30,121,0,0,0,38,0,35,0,3,
3175021001,DKI JAKARTA,JAKARTA TIMUR,PULO GADUNG,PULO GADUNG,305,11,18,2,274,0,0,0,0,0,10,0,1,9,688,64,624,23,0,23,196,10,131,4,51,
3175061005,DKI JAKARTA,JAKARTA TIMUR,CAKUNG,PULO GEBANG,404,6,52,2,344,1,0,0,0,1,6,0,1,5,1091,144,947,58,0,58,266,9,205,5,47,
3174041004,DKI JAKARTA,JAKARTA SELATAN,PASAR MINGGU,RAGUNAN,446,13,70,2,361,1,0,0,0,1,2,0,1,1,538,53,485,24,0,24,139,21,75,5,38,
3175091005,DKI JAKARTA,JAKARTA TIMUR,CIRACAS,RAMBUTAN,331,7,32,1,291,2,0,0,0,2,12,0,0,12,615,32,583,29,0,29,104,3,78,1,22,
3172031006,DKI JAKARTA,JAKARTA UTARA,KOJA,RAWA BADAK SELATAN,407,6,15,2,384,2,0,0,0,2,2,0,0,2,473,36,437,43,0,43,269,2,248,4,15,
3172031004,DKI JAKARTA,JAKARTA UTARA,KOJA,RAWA BADAK UTARA,356,8,30,1,317,0,0,0,0,0,2,0,0,2,423,41,382,63,0,63,208,4,187,4,13,
3174071005,DKI JAKARTA,JAKARTA SELATAN,KEBAYORAN BARU,RAWA BARAT,71,0,5,2,64,0,0,0,0,0,1,0,0,1,127,3,124,0,0,0,16,0,11,1,4,
3173011003,DKI JAKARTA,JAKARTA BARAT,CENGKARENG,RAWA BUAYA,250,8,38,2,202,0,0,0,0,0,4,0,0,4,575,65,510,5,0,5,198,7,138,8,45,
3175031004,DKI JAKARTA,JAKARTA TIMUR,JATINEGARA,RAWA BUNGA,122,2,17,1,102,0,0,0,0,0,1,0,0,1,164,24,140,11,0,11,88,2,69,2,15,
3174081003,DKI JAKARTA,JAKARTA SELATAN,PANCORAN,RAWA JATI,233,2,18,0,213,2,0,0,0,2,11,0,1,10,400,28,372,7,0,7,61,2,47,0,12,
3175061002,DKI JAKARTA,JAKARTA TIMUR,CAKUNG,RAWA TERATE,91,6,24,0,61,0,0,0,0,0,2,0,0,2,267,33,234,3,0,3,95,3,61,1,30,
3175021005,DKI JAKARTA,JAKARTA TIMUR,PULO GADUNG,RAWAMANGUN,274,4,20,0,250,0,0,0,0,0,7,0,0,7,667,45,622,28,0,28,190,9,137,3,41,
3171051003,DKI JAKARTA,JAKARTA PUSAT,CEMPAKA PUTIH,RAWASARI,591,3,35,2,551,3,0,0,1,2,6,0,0,6,1023,47,976,30,0,30,342,21,261,4,56,
3173041010,DKI JAKARTA,JAKARTA BARAT,TAMBORA,ROA MALAKA,29,0,0,0,29,1,0,0,0,1,0,0,0,0,32,0,32,1,0,1,13,0,12,0,1,
3172041006,DKI JAKARTA,JAKARTA UTARA,CILINCING,ROROTAN,294,12,30,2,250,0,0,0,0,0,3,0,1,2,538,50,488,66,0,66,127,3,107,2,15,
3174071004,DKI JAKARTA,JAKARTA SELATAN,KEBAYORAN BARU,SELONG,50,1,21,0,28,0,0,0,0,0,3,0,0,3,88,10,78,1,0,1,21,1,19,1,0,
3173061002,DKI JAKARTA,JAKARTA BARAT,KALI DERES,SEMANAN,344,6,38,3,297,0,0,0,0,0,3,0,1,2,816,106,710,6,0,6,104,2,76,1,25,
3172041007,DKI JAKARTA,JAKARTA UTARA,CILINCING,SEMPER BARAT,549,12,48,1,488,2,0,0,0,2,12,0,0,12,1001,48,953,90,0,90,345,1,303,5,36,
3172041005,DKI JAKARTA,JAKARTA UTARA,CILINCING,SEMPER TIMUR,326,10,17,1,298,1,0,0,0,1,4,0,0,4,600,23,577,39,0,39,175,3,153,3,16,
3174071006,DKI JAKARTA,JAKARTA SELATAN,KEBAYORAN BARU,SENAYAN,40,0,5,0,35,0,0,0,0,0,9,0,0,9,192,6,186,0,0,0,60,1,52,0,7,
3171041001,DKI JAKARTA,JAKARTA PUSAT,SENEN,SENEN,161,5,6,0,150,1,0,0,0,1,7,0,1,6,602,12,590,26,0,26,134,3,108,2,21,
3171031004,DKI JAKARTA,JAKARTA PUSAT,KEMAYORAN,SERDANG,344,2,19,2,321,0,0,0,0,0,5,0,0,5,481,45,436,28,0,28,187,9,120,4,54,
3174021001,DKI JAKARTA,JAKARTA SELATAN,SETIA BUDI,SETIA BUDI,67,0,7,0,60,0,0,0,0,0,4,0,0,4,288,72,216,6,0,6,25,0,18,0,7,
3175101005,DKI JAKARTA,JAKARTA TIMUR,CIPAYUNG,SETU,208,3,13,0,192,1,1,0,0,0,2,0,0,2,239,24,215,13,0,13,81,1,62,1,17,
3173071002,DKI JAKARTA,JAKARTA BARAT,PALMERAH,SLIPI,427,2,41,2,382,0,0,0,0,0,2,0,0,2,793,136,657,40,0,40,205,12,155,3,35,
3173081004,DKI JAKARTA,JAKARTA BARAT,KEMBANGAN,SRENGSENG,345,5,55,3,282,1,0,0,0,1,6,0,1,5,877,115,762,22,0,22,197,5,153,4,35,
3174091002,DKI JAKARTA,JAKARTA SELATAN,JAGAKARSA,SRENGSENG SAWAH,539,11,29,0,499,8,0,0,0,8,11,0,1,10,605,64,541,26,0,26,156,3,119,7,27,
3173051003,DKI JAKARTA,JAKARTA BARAT,KEBON JERUK,SUKABUMI SELATAN,222,1,25,4,192,1,0,0,0,1,1,0,0,1,497,51,446,24,0,24,127,1,91,4,31,
3173051002,DKI JAKARTA,JAKARTA BARAT,KEBON JERUK,SUKABUMI UTARA,219,7,31,3,178,0,0,0,0,0,19,0,0,19,509,49,460,42,0,42,139,6,90,6,37,
3172041002,DKI JAKARTA,JAKARTA UTARA,CILINCING,SUKAPURA,472,13,20,2,437,0,0,0,0,0,6,0,0,6,799,50,749,79,0,79,277,5,232,4,36,
3171031007,DKI JAKARTA,JAKARTA PUSAT,KEMAYORAN,SUMUR BATU,299,9,20,1,269,1,0,0,0,1,5,0,0,5,417,63,354,22,0,22,170,7,114,2,47,
3172021004,DKI JAKARTA,JAKARTA UTARA,TANJUNG PRIOK,SUNGAI BAMBU,245,7,25,0,213,0,0,0,0,0,6,0,0,6,500,46,454,32,0,32,117,4,101,4,8,
3172021006,DKI JAKARTA,JAKARTA UTARA,TANJUNG PRIOK,SUNTER AGUNG,761,9,66,1,685,2,0,0,0,2,20,0,2,18,1624,90,1534,65,0,65,424,6,370,14,34,
3172021002,DKI JAKARTA,JAKARTA UTARA,TANJUNG PRIOK,SUNTER JAYA,661,13,55,6,587,0,0,0,0,0,9,0,1,8,1273,102,1171,153,0,153,393,5,322,17,49,
3175091004,DKI JAKARTA,JAKARTA TIMUR,CIRACAS,SUSUKAN,342,7,57,1,277,0,0,0,0,0,16,0,0,16,1003,20,983,69,0,69,105,1,77,3,24,
3173031001,DKI JAKARTA,JAKARTA BARAT,TAMAN SARI,TAMAN SARI,235,9,35,0,191,2,0,0,0,2,0,0,0,0,307,48,259,12,0,12,132,4,88,4,36,
3173041001,DKI JAKARTA,JAKARTA BARAT,TAMBORA,TAMBORA,163,3,15,3,142,0,0,0,0,0,1,0,0,1,259,10,249,2,0,2,61,1,48,3,9,
3173041004,DKI JAKARTA,JAKARTA BARAT,TAMBORA,TANAH SEREAL,250,5,15,2,228,1,0,0,0,1,4,0,0,4,221,11,210,3,0,3,127,4,109,6,8,
3171081004,DKI JAKARTA,JAKARTA PUSAT,JOHAR BARU,TANAH TINGGI,370,7,18,3,342,2,1,0,0,1,2,0,0,2,750,32,718,33,0,33,334,2,246,17,69,
3173031004,DKI JAKARTA,JAKARTA BARAT,TAMAN SARI,TANGKI,200,0,22,1,177,1,0,0,0,1,3,0,0,3,246,13,233,2,0,2,85,2,61,1,21,
3174091005,DKI JAKARTA,JAKARTA SELATAN,JAGAKARSA,TANJUNG BARAT,435,7,28,1,399,1,0,0,0,1,2,0,0,2,387,48,339,11,0,11,166,5,127,4,30,
3173021005,DKI JAKARTA,JAKARTA BARAT,GROGOL PETAMBURAN,TANJUNG DUREN SELATAN,313,2,25,1,285,0,0,0,0,0,19,0,0,19,514,33,481,19,0,19,206,12,160,7,27,
3173021002,DKI JAKARTA,JAKARTA BARAT,GROGOL PETAMBURAN,TANJUNG DUREN UTARA,223,2,12,0,209,1,0,0,0,1,20,0,0,20,397,24,373,18,0,18,83,4,61,4,14,
3172021001,DKI JAKARTA,JAKARTA UTARA,TANJUNG PRIOK,TANJUNG PRIOK,392,7,48,6,331,0,0,0,0,0,10,0,0,10,620,56,564,62,0,62,271,8,219,8,36,
3174011002,DKI JAKARTA,JAKARTA SELATAN,TEBET,TEBET BARAT,347,2,24,0,321,1,0,0,0,1,8,0,0,8,517,37,480,22,0,22,251,2,208,5,36,
3174011001,DKI JAKARTA,JAKARTA SELATAN,TEBET,TEBET TIMUR,288,5,50,2,231,0,0,0,0,0,6,0,0,6,429,53,376,28,0,28,114,6,74,3,31,
3173061003,DKI JAKARTA,JAKARTA BARAT,KALI DERES,TEGAL ALUR,530,4,42,6,478,0,0,0,0,0,7,0,4,3,999,135,864,9,0,9,132,0,105,3,24,
3174031004,DKI JAKARTA,JAKARTA SELATAN,MAMPANG PRAPATAN,TEGAL PARANG,245,2,16,3,224,5,0,0,1,4,4,0,1,3,769,79,690,10,0,10,209,4,166,4,35,
3173021003,DKI JAKARTA,JAKARTA BARAT,GROGOL PETAMBURAN,TOMANG,332,0,20,2,310,0,0,0,0,0,14,0,0,14,571,49,522,74,0,74,204,6,161,3,34,
3172031005,DKI JAKARTA,JAKARTA UTARA,KOJA,TUGU SELATAN,321,4,25,1,291,0,0,0,0,0,2,0,1,1,373,25,348,63,0,63,160,5,134,5,16,
3172031002,DKI JAKARTA,JAKARTA UTARA,KOJA,TUGU UTARA,707,13,47,0,647,3,0,0,0,3,7,0,0,7,708,52,656,78,0,78,287,3,234,7,43,
3175061006,DKI JAKARTA,JAKARTA TIMUR,CAKUNG,UJUNG MENTENG,114,1,11,2,100,1,0,0,0,1,0,0,0,0,351,56,295,18,0,18,87,3,62,3,19,
3174101005,DKI JAKARTA,JAKARTA SELATAN,PESANGGRAHAN,ULUJAMI,449,2,12,2,433,0,0,0,0,0,0,0,0,0,966,63,903,26,0,26,163,2,130,5,26,
3175011006,DKI JAKARTA,JAKARTA TIMUR,MATRAMAN,UTAN KAYU SELATAN,385,6,18,8,353,2,0,0,0,2,2,0,0,2,649,25,624,83,0,83,196,6,160,7,23,
3175011002,DKI JAKARTA,JAKARTA TIMUR,MATRAMAN,UTAN KAYU UTARA,313,6,29,0,278,2,0,0,0,2,3,0,0,3,522,52,470,42,0,42,149,6,121,5,17,
3171031008,DKI JAKARTA,JAKARTA PUSAT,KEMAYORAN,UTAN PANJANG,301,3,18,2,278,0,0,0,0,0,2,0,0,2,340,38,302,21,0,21,184,2,123,8,51,
3172021007,DKI JAKARTA,JAKARTA UTARA,TANJUNG PRIOK,WARAKAS,356,11,53,2,290,0,0,0,0,0,10,0,1,9,738,77,661,48,0,48,198,4,173,4,17,
3173021007,DKI JAKARTA,JAKARTA BARAT,GROGOL PETAMBURAN,WIJAYA KUSUMA,289,2,16,2,269,0,0,0,0,0,7,0,0,7,634,30,604,22,0,22,158,1,123,5,29,
