id_kel,nama_provinsi,nama_kota,nama_kecamatan,nama_kelurahan,suspek,perawatan_rs,isolasi_di_rumah,suspek_meninggal,selesai_isolasi,probable,perawatan_rs,isolasi_di_rumah,probable_meninggal,selesai_isolasi,pelaku_perjalanan,perawatan_rs,isolasi_di_rumah,selesai_isolasi,kontak_erat,isolasi_di_rumah,selesai_isolasi,discarded,meninggal,selesai_isolasi,positif,dirawat,sembuh,meninggal,self_isolation,keterangan
3172051003,DKI JAKARTA,JAKARTA UTARA,PADEMANGAN,ANCOL,366,0,20,0,346,4,0,0,0,4,9,0,0,9,535,51,484,7,0,7,189,1,163,2,23,
3173041007,DKI JAKARTA,JAKARTA BARAT,TAMBORA,ANGKE,337,2,14,2,319,1,0,0,1,0,0,0,0,0,432,18,414,25,0,25,116,4,104,2,6,
3175041005,DKI JAKARTA,JAKARTA TIMUR,KRAMAT JATI,BALE KAMBANG,206,6,11,1,188,1,0,0,0,1,5,0,0,5,408,32,376,23,0,23,108,3,88,2,15,
3175031003,DKI JAKARTA,JAKARTA TIMUR,JATINEGARA,BALI MESTER,82,0,1,1,80,0,0,0,0,0,0,0,0,0,87,9,78,4,0,4,25,1,19,1,4,
3175101006,DKI JAKARTA,JAKARTA TIMUR,CIPAYUNG,BAMBU APUS,270,6,44,1,219,0,0,0,0,0,4,0,1,3,420,77,343,17,0,17,104,4,83,1,16,
3174031002,DKI JAKARTA,JAKARTA SELATAN,MAMPANG PRAPATAN,BANGKA,186,2,18,2,164,4,0,0,1,3,18,0,0,18,542,44,498,8,0,8,117,3,94,2,18,
3175051002,DKI JAKARTA,JAKARTA TIMUR,PASAR REBO,BARU,234,3,26,1,204,0,0,0,0,0,4,0,0,4,317,28,289,16,0,16,95,8,68,0,19,
3175041004,DKI JAKARTA,JAKARTA TIMUR,KRAMAT JATI,BATU AMPAR,340,6,22,1,311,2,0,0,0,2,2,0,0,2,716,70,646,25,0,25,144,6,109,3,26,
3171071002,DKI JAKARTA,JAKARTA PUSAT,TANAH ABANG,BENDUNGAN HILIR,331,4,12,0,315,0,0,0,0,0,4,0,1,3,429,54,375,9,0,9,163,12,94,3,54,
3175031002,DKI JAKARTA,JAKARTA TIMUR,JATINEGARA,BIDARA CINA,258,5,27,3,223,0,0,0,0,0,1,0,0,1,310,37,273,31,0,31,198,0,160,9,29,
3174101002,DKI JAKARTA,JAKARTA SELATAN,PESANGGRAHAN,BINTARO,546,5,17,2,522,4,0,0,0,4,9,0,0,9,1141,81,1060,22,0,22,199,7,146,7,39,
3174011005,DKI JAKARTA,JAKARTA SELATAN,TEBET,BUKIT DURI,279,4,44,3,228,1,0,0,0,1,13,0,0,13,439,41,398,13,0,13,119,3,80,7,29,
3171041006,DKI JAKARTA,JAKARTA PUSAT,SENEN,BUNGUR,185,5,7,2,171,1,0,0,0,1,13,0,0,13,444,17,427,10,0,10,139,1,105,2,31,
3175061007,DKI JAKARTA,JAKARTA TIMUR,CAKUNG,CAKUNG BARAT,225,3,30,1,191,0,0,0,0,0,0,0,0,0,545,55,490,39,0,39,171,4,120,3,44,
3175061004,DKI JAKARTA,JAKARTA TIMUR,CAKUNG,CAKUNG TIMUR,275,8,34,2,231,2,0,0,1,1,5,0,2,3,591,59,532,34,0,34,182,11,125,2,44,
3175041007,DKI JAKARTA,JAKARTA TIMUR,KRAMAT JATI,CAWANG,224,4,18,0,202,1,0,0,0,1,5,0,1,4,517,61,456,15,0,15,144,2,114,3,25,
3175101008,DKI JAKARTA,JAKARTA TIMUR,CIPAYUNG,CEGER,177,3,31,0,143,0,0,0,0,0,1,0,1,0,250,61,189,8,0,8,74,3,42,1,28,
3171031006,DKI JAKARTA,JAKARTA PUSAT,KEMAYORAN,CEMPAKA BARU,462,4,29,2,427,1,0,0,0,1,7,0,0,7,636,93,543,32,0,32,257,7,220,12,18,
3171051002,DKI JAKARTA,JAKARTA PUSAT,CEMPAKA PUTIH,CEMPAKA PUTIH BARAT,735,5,27,2,701,2,0,0,0,2,13,0,1,12,1609,139,1470,48,0,48,532,3,423,10,96,
3171051001,DKI JAKARTA,JAKARTA PUSAT,CEMPAKA PUTIH,CEMPAKA PUTIH TIMUR,500,6,19,1,474,0,0,0,0,0,10,0,0,10,1147,78,1069,53,0,53,297,2,243,4,48,
3173011001,DKI JAKARTA,JAKARTA BARAT,CENGKARENG,CENGKARENG BARAT,419,3,34,1,381,0,0,0,0,0,5,0,0,5,992,110,882,12,0,12,247,4,188,4,51,
3173011006,DKI JAKARTA,JAKARTA BARAT,CENGKARENG,CENGKARENG TIMUR,609,8,63,7,531,1,0,0,0,1,4,0,1,3,1305,142,1163,14,0,14,423,12,312,12,87,
3175091002,DKI JAKARTA,JAKARTA TIMUR,CIRACAS,CIBUBUR,629,14,66,4,545,1,0,0,0,1,30,0,0,30,1589,65,1524,85,0,85,220,2,167,6,45,
3171011002,DKI JAKARTA,JAKARTA PUSAT,GAMBIR,CIDENG,225,0,9,2,214,0,0,0,0,0,8,0,0,8,436,19,417,13,0,13,159,7,126,5,21,
3174091003,DKI JAKARTA,JAKARTA SELATAN,JAGAKARSA,CIGANJUR,524,10,22,1,491,2,0,0,0,2,12,0,1,11,434,40,394,10,0,10,128,5,87,4,32,
3175051003,DKI JAKARTA,JAKARTA TIMUR,PASAR REBO,CIJANTUNG,505,7,52,3,443,0,0,0,0,0,2,0,1,1,426,32,394,8,0,8,173,3,132,7,31,
3171061003,DKI JAKARTA,JAKARTA PUSAT,MENTENG,CIKINI,116,2,14,0,100,0,0,0,0,0,0,0,0,0,170,13,157,11,0,11,43,2,26,2,13,
3174081006,DKI JAKARTA,JAKARTA SELATAN,PANCORAN,CIKOKO,148,0,3,0,145,1,0,0,0,1,10,0,0,10,230,8,222,0,0,0,47,0,44,1,2,
3174061001,DKI JAKARTA,JAKARTA SELATAN,CILANDAK,CILANDAK BARAT,643,5,47,5,586,1,0,0,0,1,97,0,2,95,1039,122,917,36,0,36,232,11,146,7,68,
3174041003,DKI JAKARTA,JAKARTA SELATAN,PASAR MINGGU,CILANDAK TIMUR,339,6,65,1,267,4,0,0,0,4,17,0,0,17,326,33,293,86,0,86,205,2,166,7,30,
3175101002,DKI JAKARTA,JAKARTA TIMUR,CIPAYUNG,CILANGKAP,246,6,15,1,224,1,1,0,0,0,2,0,0,2,421,71,350,19,0,19,109,5,90,0,14,
3175041006,DKI JAKARTA,JAKARTA TIMUR,KRAMAT JATI,CILILITAN,234,3,26,1,204,0,0,0,0,0,5,0,0,5,598,58,540,43,0,43,172,6,129,3,34,
3172041001,DKI JAKARTA,JAKARTA UTARA,CILINCING,CILINCING,420,8,37,1,374,0,0,0,0,0,6,0,0,6,1034,37,997,77,0,77,300,1,266,5,28,
3175101001,DKI JAKARTA,JAKARTA TIMUR,CIPAYUNG,CIPAYUNG,366,9,47,2,308,3,0,0,1,2,5,0,1,4,449,106,343,22,0,22,150,6,117,2,25,
3174091006,DKI JAKARTA,JAKARTA SELATAN,JAGAKARSA,CIPEDAK,451,6,36,0,409,2,0,0,0,2,1,0,1,0,360,57,303,6,0,6,115,2,82,2,29,
3174061005,DKI JAKARTA,JAKARTA SELATAN,CILANDAK,CIPETE SELATAN,193,0,11,1,181,2,0,0,0,2,45,0,1,44,340,60,280,6,0,6,71,4,38,6,23,
3174071010,DKI JAKARTA,JAKARTA SELATAN,KEBAYORAN BARU,CIPETE UTARA,391,0,33,3,355,0,0,0,0,0,9,0,0,9,368,20,348,5,0,5,89,0,80,3,6,
3175021003,DKI JAKARTA,JAKARTA TIMUR,PULO GADUNG,CIPINANG,229,1,23,2,203,1,1,0,0,0,3,0,0,3,693,56,637,35,0,35,238,18,178,6,36,
3175031007,DKI JAKARTA,JAKARTA TIMUR,JATINEGARA,CIPINANG BESAR SELATAN,186,3,7,2,174,2,0,0,0,2,1,0,0,1,346,42,304,14,0,14,119,1,83,2,33,
3175031008,DKI JAKARTA,JAKARTA TIMUR,JATINEGARA,CIPINANG BESAR UTARA,305,10,33,0,262,1,0,0,0,1,3,0,0,3,480,35,445,16,0,16,212,4,160,4,44,
3175031005,DKI JAKARTA,JAKARTA TIMUR,JATINEGARA,CIPINANG CEMPEDAK,192,3,10,2,177,0,0,0,0,0,2,0,0,2,320,44,276,12,0,12,110,5,66,2,37,
3175081005,DKI JAKARTA,JAKARTA TIMUR,MAKASAR,CIPINANG MELAYU,264,8,21,2,233,1,0,0,0,1,3,0,0,3,573,46,527,17,0,17,191,10,137,5,39,
3175031006,DKI JAKARTA,JAKARTA TIMUR,JATINEGARA,CIPINANG MUARA,295,11,22,1,261,4,0,0,0,4,6,0,0,6,612,56,556,24,0,24,215,4,152,3,56,
3174051003,DKI JAKARTA,JAKARTA SELATAN,KEBAYORAN LAMA,CIPULIR,234,2,22,4,206,5,1,0,0,4,6,0,0,6,454,18,436,8,0,8,141,3,120,4,14,
3175091001,DKI JAKARTA,JAKARTA TIMUR,CIRACAS,CIRACAS,638,7,99,9,523,3,0,0,0,3,22,0,0,22,1283,60,1223,44,0,44,299,15,216,10,58,
3175041003,DKI JAKARTA,JAKARTA TIMUR,KRAMAT JATI,DUKUH,184,1,12,1,170,0,0,0,0,0,1,0,0,1,481,102,379,13,0,13,98,2,77,1,18,
3175071001,DKI JAKARTA,JAKARTA TIMUR,DUREN SAWIT,DUREN SAWIT,714,8,30,3,673,14,0,0,0,14,2,0,0,2,815,73,742,25,0,25,413,9,335,11,58,
3174081004,DKI JAKARTA,JAKARTA SELATAN,PANCORAN,DUREN TIGA,311,0,36,0,275,2,0,0,0,2,4,0,1,3,478,45,433,3,0,3,110,10,74,0,26,
3173051005,DKI JAKARTA,JAKARTA BARAT,KEBON JERUK,DURI KEPA,378,7,36,2,333,3,0,0,0,3,12,0,0,12,1002,106,896,69,0,69,275,9,219,9,38,
3173011002,DKI JAKARTA,JAKARTA BARAT,CENGKARENG,DURI KOSAMBI,414,8,46,3,357,0,0,0,0,0,4,0,0,4,795,85,710,11,0,11,230,14,159,4,53,
3171011006,DKI JAKARTA,JAKARTA PUSAT,GAMBIR,DURI PULO,141,2,10,3,126,0,0,0,0,0,0,0,0,0,298,21,277,7,0,7,132,4,94,4,30,
3173041011,DKI JAKARTA,JAKARTA BARAT,TAMBORA,DURI SELATAN,110,2,8,1,99,0,0,0,0,0,2,0,0,2,122,9,113,4,0,4,56,0,50,3,3,
3173041003,DKI JAKARTA,JAKARTA BARAT,TAMBORA,DURI UTARA,152,2,11,2,137,1,0,0,0,1,2,0,0,2,182,8,174,3,0,3,98,2,72,4,20,
3171081003,DKI JAKARTA,JAKARTA PUSAT,JOHAR BARU,GALUR,171,1,9,0,161,3,1,0,0,2,3,0,1,2,394,36,358,45,0,45,193,1,150,9,33,
3171011001,DKI JAKARTA,JAKARTA PUSAT,GAMBIR,GAMBIR,69,0,2,0,67,1,0,0,0,1,17,0,0,17,263,6,257,6,0,6,158,0,124,0,34,
3174061004,DKI JAKARTA,JAKARTA SELATAN,CILANDAK,GANDARIA SELATAN,154,2,8,0,144,2,0,0,0,2,20,0,0,20,533,28,505,2,0,2,94,0,73,3,18,
3174071009,DKI JAKARTA,JAKARTA SELATAN,KEBAYORAN BARU,GANDARIA UTARA,394,5,44,2,343,0,0,0,0,0,3,0,0,3,480,19,461,5,0,5,125,3,93,3,26,
3175051001,DKI JAKARTA,JAKARTA TIMUR,PASAR REBO,GEDONG,587,6,58,0,523,0,0,0,0,0,4,0,0,4,297,42,255,24,0,24,161,5,121,2,33,
3171071001,DKI JAKARTA,JAKARTA PUSAT,TANAH ABANG,GELORA,49,0,1,1,47,0,0,0,0,0,5,0,0,5,107,29,78,0,0,0,107,0,79,2,26,
3173031007,DKI JAKARTA,JAKARTA BARAT,TAMAN SARI,GLODOK,96,0,18,0,78,0,0,0,0,0,1,0,0,1,142,24,118,0,0,0,20,0,15,1,4,
3171061004,DKI JAKARTA,JAKARTA PUSAT,MENTENG,GONDANGDIA,50,1,3,1,45,0,0,0,0,0,6,0,0,6,107,3,104,7,0,7,49,3,39,3,4,
3173021001,DKI JAKARTA,JAKARTA BARAT,GROGOL PETAMBURAN,GROGOL,340,8,37,4,291,1,0,0,0,1,43,0,4,39,684,71,613,32,0,32,159,4,106,1,48,
3174051005,DKI JAKARTA,JAKARTA SELATAN,KEBAYORAN LAMA,GROGOL SELATAN,261,7,16,5,233,0,0,0,0,0,12,0,0,12,508,33,475,10,0,10,153,9,118,7,19,
3174051004,DKI JAKARTA,JAKARTA SELATAN,KEBAYORAN LAMA,GROGOL UTARA,289,1,17,4,267,0,0,0,0,0,24,0,0,24,510,32,478,16,0,16,209,9,170,7,23,
3174021007,DKI JAKARTA,JAKARTA SELATAN,SETIA BUDI,GUNTUR,47,0,3,0,44,0,0,0,0,0,1,0,0,1,156,32,124,1,0,1,27,2,21,0,4,
3174071002,DKI JAKARTA,JAKARTA SELATAN,KEBAYORAN BARU,GUNUNG,208,0,23,3,182,0,0,0,0,0,7,0,0,7,287,10,277,0,0,0,61,2,51,2,6,
3171031005,DKI JAKARTA,JAKARTA PUSAT,KEMAYORAN,GUNUNG SAHARI SELATAN,231,2,16,1,212,0,0,0,0,0,4,0,2,2,341,41,300,1,0,1,117,2,85,4,26,
3171021004,DKI JAKARTA,JAKARTA PUSAT,SAWAH BESAR,GUNUNG SAHARI UTARA,210,0,22,1,187,0,0,0,0,0,6,0,0,6,439,41,398,8,0,8,150,4,105,9,32,
3175081004,DKI JAKARTA,JAKARTA TIMUR,MAKASAR,HALIM PERDANA KUSUMAH,176,2,20,2,152,0,0,0,0,0,5,0,0,5,421,59,362,9,0,9,285,6,181,4,94,
3171031003,DKI JAKARTA,JAKARTA PUSAT,KEMAYORAN,HARAPAN MULIA,278,3,16,3,256,0,0,0,0,0,6,0,0,6,405,45,360,28,0,28,183,6,158,7,12,
3174091001,DKI JAKARTA,JAKARTA SELATAN,JAGAKARSA,JAGAKARSA,737,13,63,2,659,7,2,0,0,5,8,0,1,7,785,91,694,17,0,17,266,4,215,4,43,
3175021007,DKI JAKARTA,JAKARTA TIMUR,PULO GADUNG,JATI,289,3,14,1,271,0,0,0,0,0,7,0,0,7,743,56,687,30,0,30,199,4,162,1,32,
3174041002,DKI JAKARTA,JAKARTA SELATAN,PASAR MINGGU,JATI PADANG,352,2,55,2,293,0,0,0,0,0,3,0,0,3,473,31,442,67,0,67,123,1,82,5,35,
3173071004,DKI JAKARTA,JAKARTA BARAT,PALMERAH,JATI PULO,402,4,48,4,346,1,0,0,0,1,3,0,0,3,636,75,561,62,0,62,219,3,184,3,29,
3175061001,DKI JAKARTA,JAKARTA TIMUR,CAKUNG,JATINEGARA,422,8,77,3,334,1,0,0,0,1,3,0,0,3,1006,135,871,42,0,42,329,12,231,6,80,
3175021004,DKI JAKARTA,JAKARTA TIMUR,PULO GADUNG,JATINEGARA KAUM,97,5,11,0,81,1,0,0,1,0,3,0,0,3,253,32,221,11,0,11,62,4,38,2,18,
3173021004,DKI JAKARTA,JAKARTA BARAT,GROGOL PETAMBURAN,JELAMBAR,316,3,26,5,282,2,0,0,0,2,25,0,1,24,608,37,571,11,0,11,147,3,113,5,26,
3173021006,DKI JAKARTA,JAKARTA BARAT,GROGOL PETAMBURAN,JELAMBAR BARU,304,0,24,2,278,2,0,0,0,2,4,0,0,4,493,25,468,18,0,18,108,1,79,4,24,
3173041006,DKI JAKARTA,JAKARTA BARAT,TAMBORA,JEMBATAN BESI,487,2,30,1,454,0,0,0,0,0,4,0,0,4,437,18,419,7,0,7,187,7,161,7,12,
3173041008,DKI JAKARTA,JAKARTA BARAT,TAMBORA,JEMBATAN LIMA,153,0,17,0,136,0,0,0,0,0,1,0,0,1,173,6,167,2,0,2,76,2,55,4,15,
3173081005,DKI JAKARTA,JAKARTA BARAT,KEMBANGAN,JOGLO,288,1,65,4,218,0,0,0,0,0,5,0,1,4,556,156,400,14,0,14,160,7,101,2,50,
3171081001,DKI JAKARTA,JAKARTA PUSAT,JOHAR BARU,JOHAR BARU,533,6,21,3,503,3,2,0,0,1,5,0,0,5,1455,93,1362,95,0,95,396,6,331,14,45,
3173041002,DKI JAKARTA,JAKARTA BARAT,TAMBORA,KALI ANYAR,313,6,28,0,279,1,0,0,0,1,3,0,0,3,324,18,306,11,0,11,148,2,129,5,12,
3172041004,DKI JAKARTA,JAKARTA UTARA,CILINCING,KALI BARU,363,12,28,5,318,0,0,0,0,0,4,0,0,4,587,24,563,37,0,37,256,4,215,7,30,
3174081002,DKI JAKARTA,JAKARTA SELATAN,PANCORAN,KALIBATA,420,3,36,4,377,7,1,0,0,6,11,0,0,11,653,61,592,12,0,12,226,7,201,4,14,
3173061001,DKI JAKARTA,JAKARTA BARAT,KALI DERES,KALIDERES,811,12,64,4,731,1,0,0,0,1,5,0,0,5,1817,128,1689,29,0,29,264,7,211,5,41,
3175051004,DKI JAKARTA,JAKARTA TIMUR,PASAR REBO,KALISARI,754,8,120,0,626,0,0,0,0,0,3,0,0,3,379,40,339,10,0,10,157,6,111,3,37,
3173061004,DKI JAKARTA,JAKARTA BARAT,KALI DERES,KAMAL,266,2,6,3,255,0,0,0,0,0,1,0,0,1,473,33,440,4,0,4,43,2,28,6,7,
3172011002,DKI JAKARTA,JAKARTA UTARA,PENJARINGAN,KAMAL MUARA,69,1,9,0,59,0,0,0,0,0,4,0,0,4,136,12,124,1,0,1,63,1,56,2,4,
3171071007,DKI JAKARTA,JAKARTA PUSAT,TANAH ABANG,KAMPUNG BALI,125,3,4,2,116,1,0,0,0,1,2,0,0,2,175,15,160,2,0,2,51,0,42,3,6,
3175031001,DKI JAKARTA,JAKARTA TIMUR,JATINEGARA,KAMPUNG MELAYU,168,1,9,5,153,2,0,0,0,2,5,0,1,4,203,33,170,4,0,4,147,1,122,3,21,
3171081002,DKI JAKARTA,JAKARTA PUSAT,JOHAR BARU,KAMPUNG RAWA,254,2,7,0,245,1,0,0,0,1,0,0,0,0,592,46,546,64,0,64,236,12,183,13,28,
3175041002,DKI JAKARTA,JAKARTA TIMUR,KRAMAT JATI,KAMPUNG TENGAH,428,6,24,1,397,1,0,0,0,1,9,0,0,9,928,59,869,49,0,49,221,4,192,10,15,
3173011005,DKI JAKARTA,JAKARTA BARAT,CENGKARENG,KAPUK,533,7,42,16,468,1,0,0,0,1,10,0,0,10,1152,106,1046,13,0,13,339,19,249,10,61,
3172011003,DKI JAKARTA,JAKARTA UTARA,PENJARINGAN,KAPUK MUARA,168,1,27,0,140,1,1,0,0,0,9,0,0,9,413,55,358,20,0,20,104,3,86,7,8,
3171021002,DKI JAKARTA,JAKARTA PUSAT,SAWAH BESAR,KARANG ANYAR,387,3,27,5,352,1,0,0,0,1,4,0,0,4,741,62,679,8,0,8,148,2,137,5,4,
3174021004,DKI JAKARTA,JAKARTA SELATAN,SETIA BUDI,KARET,103,2,4,0,97,0,0,0,0,0,11,0,1,10,321,30,291,4,0,4,86,1,48,0,37,
3174021003,DKI JAKARTA,JAKARTA SELATAN,SETIA BUDI,KARET KUNINGAN,176,6,14,1,155,0,0,0,0,0,21,0,0,21,293,20,273,4,0,4,90,3,57,2,28,
3174021002,DKI JAKARTA,JAKARTA SELATAN,SETIA BUDI,KARET SEMANGGI,49,1,4,1,43,0,0,0,0,0,3,0,0,3,72,3,69,2,0,2,24,2,16,2,4,
3171071003,DKI JAKARTA,JAKARTA PUSAT,TANAH ABANG,KARET TENGSIN,199,4,8,0,187,0,0,0,0,0,7,0,0,7,274,47,227,1,0,1,102,2,93,2,5,
3171021003,DKI JAKARTA,JAKARTA PUSAT,SAWAH BESAR,KARTINI,269,1,17,1,250,1,0,0,0,1,0,0,0,0,548,40,508,16,0,16,176,1,155,4,16,
3175011003,DKI JAKARTA,JAKARTA TIMUR,MATRAMAN,KAYU MANIS,281,0,39,0,242,3,0,0,0,3,1,0,1,0,574,50,524,28,0,28,144,4,110,4,26,
3175021006,DKI JAKARTA,JAKARTA TIMUR,PULO GADUNG,KAYU PUTIH,370,3,25,4,338,1,0,0,1,0,11,0,0,11,906,79,827,38,0,38,228,3,190,6,29,
3173031006,DKI JAKARTA,JAKARTA BARAT,TAMAN SARI,KEAGUNGAN,252,2,22,0,228,0,0,0,0,0,2,0,0,2,443,76,367,10,0,10,138,0,112,1,25,
3174041007,DKI JAKARTA,JAKARTA SELATAN,PASAR MINGGU,KEBAGUSAN,450,5,61,1,383,3,1,0,0,2,2,0,0,2,579,24,555,39,0,39,130,5,98,0,27,
3174051006,DKI JAKARTA,JAKARTA SELATAN,KEBAYORAN LAMA,KEBAYORAN LAMA SELATAN,401,3,28,0,370,4,0,0,0,4,2,0,0,2,676,18,658,14,0,14,180,3,138,5,34,
3174051001,DKI JAKARTA,JAKARTA SELATAN,KEBAYORAN LAMA,KEBAYORAN LAMA UTARA,289,3,22,1,263,1,0,0,0,1,15,0,0,15,413,20,393,4,0,4,127,6,91,4,26,
3174011004,DKI JAKARTA,JAKARTA SELATAN,TEBET,KEBON BARU,271,2,39,2,228,0,0,0,0,0,15,0,0,15,529,60,469,17,0,17,128,3,104,1,20,
3172021005,DKI JAKARTA,JAKARTA UTARA,TANJUNG PRIOK,KEBON BAWANG,542,11,49,1,481,0,0,0,0,0,15,0,2,13,1000,87,913,66,0,66,330,2,281,3,44,
3173051001,DKI JAKARTA,JAKARTA BARAT,KEBON JERUK,KEBON JERUK,500,7,54,6,433,2,0,0,0,2,13,0,0,13,1438,140,1298,58,0,58,464,18,245,13,188,
3171071006,DKI JAKARTA,JAKARTA PUSAT,TANAH ABANG,KEBON KACANG,390,0,4,1,385,1,0,0,0,1,0,0,0,0,373,18,355,6,0,6,255,5,222,11,17,
3171011005,DKI JAKARTA,JAKARTA PUSAT,GAMBIR,KEBON KELAPA,121,4,7,1,109,3,0,0,0,3,3,0,1,2,196,12,184,2,0,2,70,2,50,1,17,
3171031002,DKI JAKARTA,JAKARTA PUSAT,KEMAYORAN,KEBON KOSONG,297,4,16,5,272,0,0,0,0,0,8,0,1,7,358,25,333,30,0,30,183,3,152,7,21,
3175011005,DKI JAKARTA,JAKARTA TIMUR,MATRAMAN,KEBON MANGGIS,142,0,7,4,131,0,0,0,0,0,2,0,0,2,216,17,199,20,0,20,115,2,101,2,10,
3171071005,DKI JAKARTA,JAKARTA PUSAT,TANAH ABANG,KEBON MELATI,405,2,9,3,391,0,0,0,0,0,5,0,0,5,538,58,480,7,0,7,403,11,342,7,43,
3175081003,DKI JAKARTA,JAKARTA TIMUR,MAKASAR,KEBON PALA,229,9,43,1,176,1,1,0,0,0,4,0,0,4,782,77,705,15,0,15,230,10,170,3,47,
3171061005,DKI JAKARTA,JAKARTA PUSAT,MENTENG,KEBON SIRIH,136,0,12,2,122,0,0,0,0,0,2,0,0,2,264,8,256,14,0,14,119,1,110,2,6,
3173011004,DKI JAKARTA,JAKARTA BARAT,CENGKARENG,KEDAUNG KALI ANGKE,331,3,29,0,299,0,0,0,0,0,1,0,0,1,385,59,326,5,0,5,214,6,171,3,34,
3173051007,DKI JAKARTA,JAKARTA BARAT,KEBON JERUK,KEDOYA SELATAN,237,2,33,5,197,2,0,0,0,2,6,0,0,6,486,52,434,19,0,19,126,1,94,5,26,
3173051006,DKI JAKARTA,JAKARTA BARAT,KEBON JERUK,KEDOYA UTARA,243,3,40,2,198,1,0,0,0,1,15,0,0,15,671,86,585,20,0,20,183,10,121,4,48,
3173051004,DKI JAKARTA,JAKARTA BARAT,KEBON JERUK,KELAPA DUA,201,4,38,0,159,0,0,0,0,0,5,0,0,5,428,62,366,22,0,22,104,1,74,2,27,
3175091003,DKI JAKARTA,JAKARTA TIMUR,CIRACAS,KELAPA DUA WETAN,451,8,44,1,398,1,1,0,0,0,7,0,0,7,876,63,813,36,0,36,158,5,116,2,35,
3172061003,DKI JAKARTA,JAKARTA UTARA,KELAPA GADING,KELAPA GADING BARAT,722,21,47,3,651,2,0,0,0,2,46,0,0,46,1104,53,1051,96,0,96,300,2,264,5,29,
3172061001,DKI JAKARTA,JAKARTA UTARA,KELAPA GADING,KELAPA GADING TIMUR,600,20,38,2,540,1,0,0,0,1,21,0,0,21,1097,80,1017,66,0,66,182,5,137,8,32,
3173071005,DKI JAKARTA,JAKARTA BARAT,PALMERAH,KEMANGGISAN,466,5,53,6,402,0,0,0,0,0,8,0,0,8,745,93,652,49,0,49,218,6,165,6,41,
3171031001,DKI JAKARTA,JAKARTA PUSAT,KEMAYORAN,KEMAYORAN,305,3,15,3,284,0,0,0,0,0,1,0,1,0,464,38,426,20,0,20,249,4,199,10,36,
3173081006,DKI JAKARTA,JAKARTA BARAT,KEMBANGAN,KEMBANGAN SELATAN,188,1,31,1,155,0,0,0,0,0,6,0,0,6,448,40,408,52,0,52,136,5,107,3,21,
3173081001,DKI JAKARTA,JAKARTA BARAT,KEMBANGAN,KEMBANGAN UTARA,415,3,57,3,352,4,0,0,1,3,3,0,0,3,1241,104,1137,10,0,10,196,4,152,5,35,
3171041002,DKI JAKARTA,JAKARTA PUSAT,SENEN,KENARI,175,3,15,1,156,1,0,0,0,1,4,0,3,1,400,24,376,45,0,45,157,1,144,2,10,
3173041005,DKI JAKARTA,JAKARTA BARAT,TAMBORA,KERENDANG,215,2,17,2,194,1,0,0,0,1,0,0,0,0,171,12,159,3,0,3,107,2,87,7,11,
3175071003,DKI JAKARTA,JAKARTA TIMUR,DUREN SAWIT,KLENDER,526,4,20,2,500,2,0,0,0,2,4,0,1,3,745,76,669,25,0,25,272,5,226,9,32,
3172031001,DKI JAKARTA,JAKARTA UTARA,KOJA,KOJA,257,2,22,0,233,0,0,0,0,0,4,0,0,4,384,9,375,35,0,35,212,4,171,5,32,
3173071006,DKI JAKARTA,JAKARTA BARAT,PALMERAH,KOTA BAMBU SELATAN,390,4,33,5,348,0,0,0,0,0,1,0,0,1,739,35,704,71,0,71,201,2,182,5,12,
3173071003,DKI JAKARTA,JAKARTA BARAT,PALMERAH,KOTA BAMBU UTARA,324,2,19,11,292,0,0,0,0,0,3,0,0,3,497,52,445,54,0,54,194,4,163,6,21,
3171041004,DKI JAKARTA,JAKARTA PUSAT,SENEN,KRAMAT,339,2,20,6,311,0,0,0,0,0,7,0,1,6,786,33,753,33,0,33,222,3,201,10,8,
3175041001,DKI JAKARTA,JAKARTA TIMUR,KRAMAT JATI,KRAMAT JATI,299,11,30,1,257,0,0,0,0,0,10,0,0,10,638,108,530,21,0,21,214,12,145,6,51,
3174071003,DKI JAKARTA,JAKARTA SELATAN,KEBAYORAN BARU,KRAMAT PELA,190,0,86,0,104,0,0,0,0,0,0,0,0,0,450,26,424,6,0,6,105,3,91,0,11,
3173031002,DKI JAKARTA,JAKARTA BARAT,TAMAN SARI,KRUKUT,211,2,24,6,179,1,1,0,0,0,3,0,0,3,336,39,297,12,0,12,134,4,90,4,36,
3174031005,DKI JAKARTA,JAKARTA SELATAN,MAMPANG PRAPATAN,KUNINGAN BARAT,90,1,1,1,87,0,0,0,0,0,0,0,0,0,408,62,346,5,0,5,75,1,31,0,43,
3174021008,DKI JAKARTA,JAKARTA SELATAN,SETIA BUDI,KUNINGAN TIMUR,109,0,5,1,103,1,0,0,0,1,20,0,0,20,128,16,112,1,0,1,68,3,45,2,18,
3171041005,DKI JAKARTA,JAKARTA PUSAT,SENEN,KWITANG,201,5,3,0,193,2,0,0,0,2,6,0,1,5,388,18,370,10,0,10,99,2,85,4,8,
3172031003,DKI JAKARTA,JAKARTA UTARA,KOJA,LAGOA,496,7,27,1,461,0,0,0,0,0,5,0,0,5,575,48,527,59,0,59,504,6,436,9,53,
3174061002,DKI JAKARTA,JAKARTA SELATAN,CILANDAK,LEBAK BULUS,276,3,27,2,244,3,0,0,0,3,27,0,0,27,569,92,477,22,0,22,154,2,119,9,24,
3174091004,DKI JAKARTA,JAKARTA SELATAN,JAGAKARSA,LENTENG AGUNG,513,11,40,0,462,3,1,0,0,2,6,0,0,6,470,60,410,14,0,14,147,3,121,0,23,
LUAR DKI JAKARTA,LUAR DKI JAKARTA,LUAR DKI JAKARTA,LUAR DKI JAKARTA,LUAR DKI JAKARTA,25102,721,2510,98,21773,63,10,0,0,53,563,0,34,529,37393,7258,30135,1491,0,1491,7113,277,5752,121,963,
3175101007,DKI JAKARTA,JAKARTA TIMUR,CIPAYUNG,LUBANG BUAYA,534,11,77,3,443,1,0,0,0,1,7,0,2,5,592,70,522,28,0,28,220,9,156,2,53,
3175081001,DKI JAKARTA,JAKARTA TIMUR,MAKASAR,MAKASAR,216,6,33,1,176,0,0,0,0,0,8,0,0,8,906,92,814,22,0,22,200,8,130,0,62,
3175071006,DKI JAKARTA,JAKARTA TIMUR,DUREN SAWIT,MALAKA JAYA,273,4,6,2,261,1,0,0,0,1,2,0,0,2,455,31,424,12,0,12,165,0,130,1,34,
3175071005,DKI JAKARTA,JAKARTA TIMUR,DUREN SAWIT,MALAKA SARI,241,0,13,1,227,0,0,0,0,0,0,0,0,0,387,46,341,11,0,11,141,3,108,3,27,
3174031001,DKI JAKARTA,JAKARTA SELATAN,MAMPANG PRAPATAN,MAMPANG PRAPATAN,232,0,8,2,222,0,0,0,0,0,0,0,0,0,860,59,801,9,0,9,245,8,182,7,48,
3173031005,DKI JAKARTA,JAKARTA BARAT,TAMAN SARI,MANGGA BESAR,110,4,12,1,93,1,0,0,0,1,0,0,0,0,136,5,131,6,0,6,48,0,37,1,10,
3171021005,DKI JAKARTA,JAKARTA PUSAT,SAWAH BESAR,MANGGA DUA SELATAN,286,1,35,1,249,3,0,0,0,3,1,0,0,1,679,46,633,9,0,9,167,0,139,2,26,
3174011007,DKI JAKARTA,JAKARTA SELATAN,TEBET,MANGGARAI,315,1,47,0,267,4,0,0,0,4,4,0,0,4,441,62,379,21,0,21,144,2,104,1,37,
3174011006,DKI JAKARTA,JAKARTA SELATAN,TEBET,MANGGARAI SELATAN,188,4,31,2,151,0,0,0,0,0,6,0,0,6,402,27,375,20,0,20,82,2,64,2,14,
3173031003,DKI JAKARTA,JAKARTA BARAT,TAMAN SARI,MAPHAR,174,1,16,1,156,0,0,0,0,0,6,0,0,6,316,25,291,36,0,36,169,1,151,1,16,
3172041003,DKI JAKARTA,JAKARTA UTARA,CILINCING,MARUNDA,222,3,12,0,207,2,0,0,0,2,0,0,0,0,314,17,297,13,0,13,91,3,79,1,8,
3174071001,DKI JAKARTA,JAKARTA SELATAN,KEBAYORAN BARU,MELAWAI,47,1,2,0,44,0,0,0,0,0,1,0,0,1,55,3,52,0,0,0,13,0,11,1,1,
3171061001,DKI JAKARTA,JAKARTA PUSAT,MENTENG,MENTENG,332,4,39,2,287,2,0,0,0,2,1,0,0,1,620,51,569,25,0,25,234,3,182,8,41,
3174021005,DKI JAKARTA,JAKARTA SELATAN,SETIA BUDI,MENTENG ATAS,280,0,18,3,259,1,0,0,0,1,46,0,1,45,1057,80,977,36,0,36,172,5,133,2,32,
3174011003,DKI JAKARTA,JAKARTA SELATAN,TEBET,MENTENG DALAM,479,8,43,4,424,3,0,0,0,3,13,0,0,13,623,25,598,39,0,39,152,0,115,6,31,
3173081003,DKI JAKARTA,JAKARTA BARAT,KEMBANGAN,MERUYA SELATAN,265,5,31,1,228,0,0,0,0,0,2,0,0,2,596,158,438,17,0,17,136,6,101,3,26,
3173081002,DKI JAKARTA,JAKARTA BARAT,KEMBANGAN,MERUYA UTARA,381,9,69,6,297,1,0,0,1,0,7,0,0,7,757,121,636,10,0,10,170,11,113,2,44,
3175101004,DKI JAKARTA,JAKARTA TIMUR,CIPAYUNG,MUNJUL,203,5,12,0,186,0,0,0,0,0,3,0,1,2,250,41,209,23,0,23,68,5,55,1,7,
3172051002,DKI JAKARTA,JAKARTA UTARA,PADEMANGAN,PADEMANGAN BARAT,1625,7,92,5,1521,4,0,0,0,4,14,0,1,13,2259,97,2162,30,0,30,614,4,558,19,33,
3172051001,DKI JAKARTA,JAKARTA UTARA,PADEMANGAN,PADEMANGAN TIMUR,506,1,32,3,470,2,1,0,0,1,13,0,0,13,754,62,692,14,0,14,188,2,148,3,35,
3175011004,DKI JAKARTA,JAKARTA TIMUR,MATRAMAN,PAL MERIAM,202,4,16,2,180,2,0,0,0,2,2,0,0,2,519,35,484,58,0,58,152,0,135,6,11,
3173071001,DKI JAKARTA,JAKARTA BARAT,PALMERAH,PALMERAH,849,3,63,2,781,0,0,0,0,0,2,0,0,2,1474,152,1322,72,0,72,360,7,275,16,62,
3174081001,DKI JAKARTA,JAKARTA SELATAN,PANCORAN,PANCORAN,288,4,14,0,270,1,0,0,0,1,9,0,0,9,509,43,466,6,0,6,184,1,163,4,16,
3172021003,DKI JAKARTA,JAKARTA UTARA,TANJUNG PRIOK,PAPANGGO,339,3,38,0,298,1,0,0,0,1,5,0,0,5,689,51,638,53,0,53,202,3,177,2,20,
3171021001,DKI JAKARTA,JAKARTA PUSAT,SAWAH BESAR,PASAR BARU,191,4,13,2,172,1,0,0,0,1,5,0,0,5,404,40,364,7,0,7,144,3,109,1,31,
3174021006,DKI JAKARTA,JAKARTA SELATAN,SETIA BUDI,PASAR MANGGIS,197,9,14,3,171,2,0,0,0,2,27,0,1,26,792,85,707,16,0,16,158,5,115,8,30,
3174041001,DKI JAKARTA,JAKARTA SELATAN,PASAR MINGGU,PASAR MINGGU,323,4,34,1,284,2,0,0,0,2,5,0,0,5,435,23,412,20,0,20,176,1,120,3,52,
3171041003,DKI JAKARTA,JAKARTA PUSAT,SENEN,PASEBAN,435,7,27,1,400,2,0,0,0,2,10,0,1,9,736,92,644,60,0,60,227,5,175,7,40,
3173061005,DKI JAKARTA,JAKARTA BARAT,KALI DERES,PEGADUNGAN,575,8,44,7,516,0,0,0,0,0,10,0,0,10,1226,118,1108,17,0,17,186,5,141,4,36,
3171061002,DKI JAKARTA,JAKARTA PUSAT,MENTENG,PEGANGSAAN,314,3,28,2,281,1,0,0,0,1,0,0,0,0,784,58,726,51,0,51,305,0,281,4,20,
3172061002,DKI JAKARTA,JAKARTA UTARA,KELAPA GADING,PEGANGSAAN DUA,676,11,30,1,634,1,0,0,0,1,41,0,0,41,1438,93,1345,125,0,125,305,4,255,8,38,
3172011004,DKI JAKARTA,JAKARTA UTARA,PENJARINGAN,PEJAGALAN,368,3,47,2,316,2,0,0,0,2,7,0,0,7,757,64,693,28,0,28,195,7,145,4,39,
3174041006,DKI JAKARTA,JAKARTA SELATAN,PASAR MINGGU,PEJATEN BARAT,347,6,43,2,296,8,1,0,0,7,1,0,0,1,556,39,517,73,0,73,166,8,125,2,31,
3174041005,DKI JAKARTA,JAKARTA SELATAN,PASAR MINGGU,PEJATEN TIMUR,383,6,44,1,332,4,0,0,0,4,3,0,1,2,510,37,473,40,0,40,161,6,115,8,32,
3175051005,DKI JAKARTA,JAKARTA TIMUR,PASAR REBO,PEKAYON,661,3,70,1,587,0,0,0,0,0,3,0,0,3,261,29,232,11,0,11,139,10,90,2,37,
3173041009,DKI JAKARTA,JAKARTA BARAT,TAMBORA,PEKOJAN,250,0,34,2,214,0,0,0,0,0,2,0,0,2,211,17,194,17,0,17,97,3,82,3,9,
3174031003,DKI JAKARTA,JAKARTA SELATAN,MAMPANG PRAPATAN,PELA MAMPANG,275,3,15,2,255,4,0,0,0,4,14,0,0,14,1172,150,1022,6,0,6,212,7,157,5,43,
3174081005,DKI JAKARTA,JAKARTA SELATAN,PANCORAN,PENGADEGAN,160,0,7,2,151,0,0,0,0,0,8,0,0,8,335,20,315,10,0,10,76,1,70,0,5,
3175061003,DKI JAKARTA,JAKARTA TIMUR,CAKUNG,PENGGILINGAN,458,5,45,1,407,1,0,0,0,1,7,0,1,6,1283,185,1098,75,0,75,414,21,286,9,98,
3172011001,DKI JAKARTA,JAKARTA UTARA,PENJARINGAN,PENJARINGAN,840,10,165,4,661,1,0,0,0,1,23,0,1,22,2600,114,2486,119,0,119,468,11,344,14,99,
3174101001,DKI JAKARTA,JAKARTA SELATAN,PESANGGRAHAN,PESANGGRAHAN,353,5,13,4,331,2,0,0,1,1,0,0,0,0,685,99,586,19,0,19,123,0,85,3,35,
3171071004,DKI JAKARTA,JAKARTA PUSAT,TANAH ABANG,PETAMBURAN,494,2,9,7,476,0,0,0,0,0,7,0,0,7,487,49,438,8,0,8,369,4,310,11,44,
3174071008,DKI JAKARTA,JAKARTA SELATAN,KEBAYORAN BARU,PETOGOGAN,115,0,15,0,100,0,0,0,0,0,3,0,0,3,205,10,195,0,0,0,48,1,39,0,8,
3171011004,DKI JAKARTA,JAKARTA PUSAT,GAMBIR,PETOJO SELATAN,187,4,9,1,173,0,0,0,0,0,24,0,1,23,568,45,523,15,0,15,229,4,184,8,33,
3171011003,DKI JAKARTA,JAKARTA PUSAT,GAMBIR,PETOJO UTARA,158,2,11,3,142,1,0,0,0,1,11,0,0,11,306,25,281,25,0,25,123,3,89,3,28,
3174101004,DKI JAKARTA,JAKARTA SELATAN,PESANGGRAHAN,PETUKANGAN SELATAN,336,6,17,2,311,0,0,0,0,0,2,0,0,2,700,118,582,8,0,8,106,2,46,4,54,
3174101003,DKI JAKARTA,JAKARTA SELATAN,PESANGGRAHAN,PETUKANGAN UTARA,393,4,17,4,368,2,0,0,0,2,5,0,0,5,1361,108,1253,9,0,9,202,8,124,2,68,
3175081002,DKI JAKARTA,JAKARTA TIMUR,MAKASAR,PINANG RANTI,171,5,26,1,139,0,0,0,0,0,0,0,0,0,555,32,523,25,0,25,110,2,76,4,28,
3173031008,DKI JAKARTA,JAKARTA BARAT,TAMAN SARI,PINANGSIA,114,1,20,1,92,0,0,0,0,0,2,0,0,2,199,33,166,2,0,2,74,3,54,0,17,
3175011001,DKI JAKARTA,JAKARTA TIMUR,MATRAMAN,PISANGAN BARU,278,5,25,3,245,1,0,0,0,1,3,0,1,2,363,63,300,30,0,30,144,1,119,7,17,
3175021002,DKI JAKARTA,JAKARTA TIMUR,PULO GADUNG,PISANGAN TIMUR,272,4,12,4,252,1,0,0,0,1,10,0,0,10,538,47,491,27,0,27,155,4,109,5,37,
3172011005,DKI JAKARTA,JAKARTA UTARA,PENJARINGAN,PLUIT,291,7,53,4,227,0,0,0,0,0,12,0,0,12,1006,78,928,15,0,15,166,5,133,8,20,
3175071002,DKI JAKARTA,JAKARTA TIMUR,DUREN SAWIT,PONDOK BAMBU,851,9,42,1,799,3,0,0,0,3,3,0,0,3,813,109,704,23,0,23,303,3,243,6,51,
3175071004,DKI JAKARTA,JAKARTA TIMUR,DUREN SAWIT,PONDOK KELAPA,558,10,34,0,514,0,0,0,0,0,11,0,0,11,914,100,814,18,0,18,282,5,217,10,50,
3175071007,DKI JAKARTA,JAKARTA TIMUR,DUREN SAWIT,PONDOK KOPI,346,1,34,1,310,0,0,0,0,0,2,0,1,1,325,29,296,12,0,12,178,3,130,7,38,
3174061003,DKI JAKARTA,JAKARTA SELATAN,CILANDAK,PONDOK LABU,335,9,39,1,286,6,0,0,0,6,73,0,0,73,841,98,743,37,0,37,125,6,82,1,36,
3174051002,DKI JAKARTA,JAKARTA SELATAN,KEBAYORAN LAMA,PONDOK PINANG,455,9,44,4,398,0,0,0,0,0,44,0,0,44,674,39,635,11,0,11,211,10,151,9,41,
3175101003,DKI JAKARTA,JAKARTA TIMUR,CIPAYUNG,PONDOK RANGGON,218,8,21,3,186,0,0,0,0,0,3,0,0,3,267,58,209,21,0,21,102,4,74,1,23,
PROSES UPDATE DATA,PROSES UPDATE DATA,PROSES UPDATE DATA,PROSES UPDATE DATA,PROSES UPDATE DATA,12347,118,401,1696,10132,2508,0,0,2506,2,105,0,0,105,9875,1456,8419,72,1,71,19463,826,16564,425,1648,
3101011003,DKI JAKARTA,KAB.ADM.KEP.SERIBU,KEP. SERIBU UTARA,PULAU HARAPAN,61,0,1,0,60,0,0,0,0,0,0,0,0,0,62,2,60,0,0,0,5,0,5,0,0,
3101011002,DKI JAKARTA,KAB.ADM.KEP.SERIBU,KEP. SERIBU UTARA,PULAU KELAPA,60,0,13,1,46,0,0,0,0,0,3,0,0,3,147,4,143,1,0,1,6,0,5,0,1,
3101011001,DKI JAKARTA,KAB.ADM.KEP.SERIBU,KEP. SERIBU UTARA,PULAU PANGGANG,92,0,9,1,82,0,0,0,0,0,0,0,0,0,162,10,152,4,0,4,20,0,18,0,2,
3101021003,DKI JAKARTA,KAB.ADM.KEP.SERIBU,KEP. SERIBU SELATAN,PULAU PARI,6,0,0,0,6,0,0,0,0,0,0,0,0,0,168,0,168,1,0,1,5,0,4,0,1,
3101021002,DKI JAKARTA,KAB.ADM.KEP.SERIBU,KEP. SERIBU SELATAN,PULAU TIDUNG,36,1,1,0,34,1,0,0,1,0,0,0,0,0,354,13,341,1,0,1,33,0,31,0,2,
3101021001,DKI JAKARTA,KAB.ADM.KEP.SERIBU,KEP. SERIBU SELATAN,PULAU UNTUNG JAWA,25,0,1,0,24,0,0,0,0,0,0,0,0,0,104,4,100,0,0,0,4,0,3,0,1,
3174071007,DKI JAKARTA,JAKARTA SELATAN,KEBAYORAN BARU,PULO,231,0,92,1,138,1,0,0,0,1,1,0,0,1,172,51,121,0,0,0,38,0,35,0,3,
3175021001,DKI JAKARTA,JAKARTA TIMUR,PULO GADUNG,PULO GADUNG,309,9,22,2,276,0,0,0,0,0,10,0,1,9,697,71,626,26,0,26,199,11,137,4,47,
3175061005,DKI JAKARTA,JAKARTA TIMUR,CAKUNG,PULO GEBANG,409,3,59,2,345,1,0,0,0,1,6,0,0,6,1103,141,962,58,0,58,272,10,212,5,45,
3174041004,DKI JAKARTA,JAKARTA SELATAN,PASAR MINGGU,RAGUNAN,449,12,67,2,368,1,0,0,0,1,2,0,1,1,546,52,494,24,0,24,141,20,80,5,36,
3175091005,DKI JAKARTA,JAKARTA TIMUR,CIRACAS,RAMBUTAN,348,7,44,1,296,2,0,0,0,2,12,0,0,12,620,33,587,29,0,29,112,5,80,1,26,
3172031006,DKI JAKARTA,JAKARTA UTARA,KOJA,RAWA BADAK SELATAN,417,2,24,2,389,2,0,0,0,2,2,0,0,2,490,49,441,45,0,45,274,1,249,4,20,
3172031004,DKI JAKARTA,JAKARTA UTARA,KOJA,RAWA BADAK UTARA,362,7,30,1,324,0,0,0,0,0,2,0,0,2,433,46,387,66,0,66,208,3,189,4,12,
3174071005,DKI JAKARTA,JAKARTA SELATAN,KEBAYORAN BARU,RAWA BARAT,71,0,5,2,64,0,0,0,0,0,1,0,0,1,128,3,125,0,0,0,18,1,11,1,5,
3173011003,DKI JAKARTA,JAKARTA BARAT,CENGKARENG,RAWA BUAYA,262,8,49,2,203,0,0,0,0,0,4,0,0,4,580,65,515,5,0,5,204,12,141,9,42,
3175031004,DKI JAKARTA,JAKARTA TIMUR,JATINEGARA,RAWA BUNGA,123,1,15,1,106,0,0,0,0,0,1,0,0,1,169,23,146,11,0,11,92,1,70,2,19,
3174081003,DKI JAKARTA,JAKARTA SELATAN,PANCORAN,RAWA JATI,236,1,19,0,216,2,0,0,0,2,11,0,1,10,403,20,383,7,0,7,62,2,48,0,12,
3175061002,DKI JAKARTA,JAKARTA TIMUR,CAKUNG,RAWA TERATE,93,6,24,0,63,0,0,0,0,0,2,0,0,2,268,28,240,3,0,3,105,4,61,1,39,
3175021005,DKI JAKARTA,JAKARTA TIMUR,PULO GADUNG,RAWAMANGUN,278,3,21,0,254,0,0,0,0,0,7,0,0,7,679,42,637,29,0,29,194,6,145,3,40,
3171051003,DKI JAKARTA,JAKARTA PUSAT,CEMPAKA PUTIH,RAWASARI,596,2,34,2,558,3,0,0,1,2,6,0,0,6,1049,66,983,30,0,30,350,21,267,4,58,
3173041010,DKI JAKARTA,JAKARTA BARAT,TAMBORA,ROA MALAKA,29,0,0,0,29,1,0,0,0,1,0,0,0,0,34,2,32,1,0,1,13,0,12,0,1,
3172041006,DKI JAKARTA,JAKARTA UTARA,CILINCING,ROROTAN,296,9,30,2,255,0,0,0,0,0,3,0,0,3,544,40,504,68,0,68,127,3,107,2,15,
3174071004,DKI JAKARTA,JAKARTA SELATAN,KEBAYORAN BARU,SELONG,50,1,10,0,39,0,0,0,0,0,3,0,0,3,91,9,82,1,0,1,21,1,19,1,0,
3173061002,DKI JAKARTA,JAKARTA BARAT,KALI DERES,SEMANAN,350,5,40,3,302,0,0,0,0,0,3,0,1,2,819,90,729,7,0,7,106,3,81,1,21,
3172041007,DKI JAKARTA,JAKARTA UTARA,CILINCING,SEMPER BARAT,554,11,28,1,514,2,0,0,0,2,12,0,0,12,1010,54,956,90,0,90,347,1,307,5,34,
3172041005,DKI JAKARTA,JAKARTA UTARA,CILINCING,SEMPER TIMUR,329,10,15,1,303,1,0,0,0,1,4,0,0,4,605,23,582,42,0,42,177,3,153,3,18,
3174071006,DKI JAKARTA,JAKARTA SELATAN,KEBAYORAN BARU,SENAYAN,40,0,2,0,38,0,0,0,0,0,9,0,0,9,192,5,187,0,0,0,60,1,52,0,7,
3171041001,DKI JAKARTA,JAKARTA PUSAT,SENEN,SENEN,161,5,4,0,152,1,0,0,0,1,7,0,1,6,627,37,590,26,0,26,135,3,108,2,22,
3171031004,DKI JAKARTA,JAKARTA PUSAT,KEMAYORAN,SERDANG,350,1,25,2,322,0,0,0,0,0,5,0,0,5,502,55,447,28,0,28,189,9,121,4,55,
3174021001,DKI JAKARTA,JAKARTA SELATAN,SETIA BUDI,SETIA BUDI,69,0,7,0,62,0,0,0,0,0,4,0,0,4,292,73,219,6,0,6,25,0,20,0,5,
3175101005,DKI JAKARTA,JAKARTA TIMUR,CIPAYUNG,SETU,216,3,13,0,200,1,1,0,0,0,2,0,0,2,253,31,222,13,0,13,82,1,63,1,17,
3173071002,DKI JAKARTA,JAKARTA BARAT,PALMERAH,SLIPI,435,2,47,2,384,0,0,0,0,0,2,0,0,2,795,118,677,40,0,40,213,14,160,3,36,
3173081004,DKI JAKARTA,JAKARTA BARAT,KEMBANGAN,SRENGSENG,356,5,63,3,285,1,0,0,0,1,6,0,1,5,891,121,770,22,0,22,203,5,157,4,37,
3174091002,DKI JAKARTA,JAKARTA SELATAN,JAGAKARSA,SRENGSENG SAWAH,565,10,53,0,502,8,0,0,0,8,11,0,1,10,623,77,546,26,0,26,161,6,121,7,27,
3173051003,DKI JAKARTA,JAKARTA BARAT,KEBON JERUK,SUKABUMI SELATAN,225,1,25,4,195,1,0,0,0,1,1,0,0,1,515,61,454,24,0,24,128,1,94,4,29,
3173051002,DKI JAKARTA,JAKARTA BARAT,KEBON JERUK,SUKABUMI UTARA,227,9,34,3,181,0,0,0,0,0,19,0,0,19,524,60,464,42,0,42,142,8,92,6,36,
3172041002,DKI JAKARTA,JAKARTA UTARA,CILINCING,SUKAPURA,481,9,28,2,442,0,0,0,0,0,6,0,0,6,806,47,759,82,0,82,279,4,234,4,37,
3171031007,DKI JAKARTA,JAKARTA PUSAT,KEMAYORAN,SUMUR BATU,305,8,22,1,274,1,0,0,0,1,5,0,0,5,428,53,375,22,0,22,171,7,128,2,34,
3172021004,DKI JAKARTA,JAKARTA UTARA,TANJUNG PRIOK,SUNGAI BAMBU,250,6,27,0,217,0,0,0,0,0,6,0,0,6,507,41,466,33,0,33,119,3,104,4,8,
3172021006,DKI JAKARTA,JAKARTA UTARA,TANJUNG PRIOK,SUNTER AGUNG,767,8,54,1,704,2,0,0,0,2,20,0,2,18,1639,95,1544,66,0,66,433,5,373,14,41,
3172021002,DKI JAKARTA,JAKARTA UTARA,TANJUNG PRIOK,SUNTER JAYA,664,10,51,6,597,0,0,0,0,0,9,0,1,8,1286,109,1177,154,0,154,406,4,325,17,60,
3175091004,DKI JAKARTA,JAKARTA TIMUR,CIRACAS,SUSUKAN,358,9,43,1,305,0,0,0,0,0,16,0,0,16,1004,18,986,69,0,69,116,3,78,3,32,
3173031001,DKI JAKARTA,JAKARTA BARAT,TAMAN SARI,TAMAN SARI,237,9,28,0,200,2,0,0,0,2,0,0,0,0,312,47,265,12,0,12,137,4,94,4,35,
3173041001,DKI JAKARTA,JAKARTA BARAT,TAMBORA,TAMBORA,164,3,14,3,144,0,0,0,0,0,1,0,0,1,260,11,249,2,0,2,63,2,48,3,10,
3173041004,DKI JAKARTA,JAKARTA BARAT,TAMBORA,TANAH SEREAL,250,5,14,2,229,1,0,0,0,1,4,0,0,4,221,11,210,3,0,3,127,4,109,6,8,
3171081004,DKI JAKARTA,JAKARTA PUSAT,JOHAR BARU,TANAH TINGGI,373,5,16,3,349,2,1,0,0,1,2,0,0,2,794,71,723,33,0,33,336,1,289,17,29,
3173031004,DKI JAKARTA,JAKARTA BARAT,TAMAN SARI,TANGKI,203,0,23,1,179,1,0,0,0,1,3,0,0,3,246,13,233,2,0,2,88,2,64,1,21,
3174091005,DKI JAKARTA,JAKARTA SELATAN,JAGAKARSA,TANJUNG BARAT,441,7,30,1,403,1,0,0,0,1,2,0,0,2,400,50,350,11,0,11,168,3,130,4,31,
3173021005,DKI JAKARTA,JAKARTA BARAT,GROGOL PETAMBURAN,TANJUNG DUREN SELATAN,320,2,24,1,293,0,0,0,0,0,19,0,0,19,525,37,488,19,0,19,206,11,161,7,27,
3173021002,DKI JAKARTA,JAKARTA BARAT,GROGOL PETAMBURAN,TANJUNG DUREN UTARA,225,2,10,0,213,1,0,0,0,1,20,0,0,20,403,26,377,18,0,18,83,3,63,4,13,
3172021001,DKI JAKARTA,JAKARTA UTARA,TANJUNG PRIOK,TANJUNG PRIOK,395,5,36,6,348,0,0,0,0,0,10,0,0,10,626,55,571,63,0,63,284,6,222,8,48,
3174011002,DKI JAKARTA,JAKARTA SELATAN,TEBET,TEBET BARAT,354,2,25,0,327,1,0,0,0,1,8,0,0,8,523,34,489,22,0,22,257,1,213,5,38,
3174011001,DKI JAKARTA,JAKARTA SELATAN,TEBET,TEBET TIMUR,300,5,56,2,237,0,0,0,0,0,6,0,0,6,438,55,383,28,0,28,116,5,77,3,31,
3173061003,DKI JAKARTA,JAKARTA BARAT,KALI DERES,TEGAL ALUR,535,3,45,6,481,0,0,0,0,0,7,0,4,3,1008,131,877,9,0,9,134,0,107,3,24,
3174031004,DKI JAKARTA,JAKARTA SELATAN,MAMPANG PRAPATAN,TEGAL PARANG,247,2,13,3,229,5,0,0,1,4,4,0,1,3,775,73,702,10,0,10,210,3,167,5,35,
3173021003,DKI JAKARTA,JAKARTA BARAT,GROGOL PETAMBURAN,TOMANG,334,0,19,2,313,0,0,0,0,0,14,0,0,14,587,61,526,74,0,74,205,6,163,3,33,
3172031005,DKI JAKARTA,JAKARTA UTARA,KOJA,TUGU SELATAN,327,4,24,1,298,0,0,0,0,0,2,0,1,1,382,32,350,64,0,64,164,3,137,5,19,
3172031002,DKI JAKARTA,JAKARTA UTARA,KOJA,TUGU UTARA,719,11,48,0,660,3,0,0,0,3,7,0,0,7,719,57,662,78,0,78,289,3,235,8,43,
3175061006,DKI JAKARTA,JAKARTA TIMUR,CAKUNG,UJUNG MENTENG,118,0,13,2,103,1,0,0,0,1,0,0,0,0,354,53,301,18,0,18,89,5,68,3,13,
3174101005,DKI JAKARTA,JAKARTA SELATAN,PESANGGRAHAN,ULUJAMI,452,2,12,2,436,0,0,0,0,0,0,0,0,0,973,56,917,26,0,26,166,4,130,5,27,
3175011006,DKI JAKARTA,JAKARTA TIMUR,MATRAMAN,UTAN KAYU SELATAN,395,4,23,8,360,2,0,0,0,2,2,0,0,2,669,40,629,83,0,83,206,6,162,7,31,
3175011002,DKI JAKARTA,JAKARTA TIMUR,MATRAMAN,UTAN KAYU UTARA,318,4,22,0,292,2,0,0,0,2,3,0,0,3,530,38,492,42,0,42,152,5,122,5,20,
3171031008,DKI JAKARTA,JAKARTA PUSAT,KEMAYORAN,UTAN PANJANG,304,3,21,2,278,0,0,0,0,0,2,0,0,2,348,32,316,23,0,23,190,2,130,8,50,
3172021007,DKI JAKARTA,JAKARTA UTARA,TANJUNG PRIOK,WARAKAS,361,10,46,2,303,0,0,0,0,0,10,0,0,10,743,72,671,50,0,50,209,5,175,5,24,
3173021007,DKI JAKARTA,JAKARTA BARAT,GROGOL PETAMBURAN,WIJAYA KUSUMA,291,2,13,2,274,0,0,0,0,0,7,0,0,7,652,44,608,22,0,22,159,1,125,5,28,
